transaction_date,total_daily_value,sum_daily_transaction_fees
2016-04-15 00:00:00 UTC,0,6.732200327
2017-02-09 00:00:00 UTC,0,16.890996778
2016-07-05 00:00:00 UTC,0,11.098844141
2017-01-28 00:00:00 UTC,0,13.687979815
2016-11-13 00:00:00 UTC,0,10.758704176
2017-11-15 00:00:00 UTC,0,239.277105572
2018-12-25 00:00:00 UTC,0,289.016429499
2019-08-18 00:00:00 UTC,0,209.552624177
2018-08-04 00:00:00 UTC,0,175.538443954
2018-07-16 00:00:00 UTC,0,410.311262795
2018-08-16 00:00:00 UTC,0,379.327661724
2018-08-12 00:00:00 UTC,0,228.093001164
2019-03-04 00:00:00 UTC,0,317.508914572
2018-06-20 00:00:00 UTC,0,289.866087889
2015-10-29 00:00:00 UTC,0,4.614035688
2017-03-06 00:00:00 UTC,0,14.253443075
2017-07-01 00:00:00 UTC,0,156.079378537
2017-09-01 00:00:00 UTC,0,313.917373338
2019-05-02 00:00:00 UTC,0,289.436281844
2018-04-25 00:00:00 UTC,0,306.754866372
2020-03-30 00:00:00 UTC,0,360.037444096
2020-07-05 00:00:00 UTC,0,1401.399308362
2015-08-27 00:00:00 UTC,0,0.578325812
2015-11-24 00:00:00 UTC,0,2.811778936
2016-02-22 00:00:00 UTC,0,6.142312509
2016-01-06 00:00:00 UTC,0,17.833906914
2016-11-06 00:00:00 UTC,0,4.428343116
2017-09-17 00:00:00 UTC,0,199.95460792
2018-12-16 00:00:00 UTC,0,198.33528985
2018-09-24 00:00:00 UTC,0,380.378912423
2019-11-20 00:00:00 UTC,0,417.857670057
2017-12-18 00:00:00 UTC,0,744.123338568
2019-11-24 00:00:00 UTC,0,344.993187193
2019-11-23 00:00:00 UTC,0,349.581053606
2020-05-07 00:00:00 UTC,0,905.897657659
2020-09-17 00:00:00 UTC,0,34298.519013652
2016-03-07 00:00:00 UTC,0,4.696456275
2016-08-15 00:00:00 UTC,0,4.24849796
2017-01-13 00:00:00 UTC,0,15.631933382
2019-10-18 00:00:00 UTC,0,370.876665135
2018-03-10 00:00:00 UTC,0,272.73819051
2016-11-21 00:00:00 UTC,0,12.975842838
2016-12-14 00:00:00 UTC,0,16.100660446
2017-05-25 00:00:00 UTC,0,92.167762434
2017-09-02 00:00:00 UTC,0,172.678800889
2018-07-17 00:00:00 UTC,0,342.46962792
2018-03-11 00:00:00 UTC,0,255.743008243
2018-01-09 00:00:00 UTC,0,1368.971176035
2019-11-06 00:00:00 UTC,0,374.545910297
2019-02-26 00:00:00 UTC,0,382.401982747
2019-05-29 00:00:00 UTC,0,472.053380519
2018-08-26 00:00:00 UTC,0,267.401458385
2020-11-03 00:00:00 UTC,0,2520.417110933
2015-08-31 00:00:00 UTC,0,0.891877915
2015-08-08 00:00:00 UTC,0,8.35931267
2017-07-06 00:00:00 UTC,0,153.447397725
2017-09-23 00:00:00 UTC,0,167.768646047
2017-11-05 00:00:00 UTC,0,132.778585442
2017-07-31 00:00:00 UTC,0,109.222139827
2017-11-04 00:00:00 UTC,0,131.011521766
2020-03-28 00:00:00 UTC,0,316.222369703
2020-10-18 00:00:00 UTC,0,2196.851977123
2015-12-27 00:00:00 UTC,0,53.951031497
2016-06-29 00:00:00 UTC,0,37.498526278
2016-12-07 00:00:00 UTC,0,16.491646964
2017-08-10 00:00:00 UTC,0,160.082024996
2018-07-15 00:00:00 UTC,0,3017.976973754
2018-12-31 00:00:00 UTC,0,234.911152186
2017-08-25 00:00:00 UTC,0,143.574630263
2018-03-14 00:00:00 UTC,0,290.14314258
2019-11-16 00:00:00 UTC,0,312.566008211
2019-04-01 00:00:00 UTC,0,341.291348981
2019-07-02 00:00:00 UTC,0,440.817359558
2020-09-04 00:00:00 UTC,0,13364.886451041
2017-01-01 00:00:00 UTC,0,7.011494936
2016-09-08 00:00:00 UTC,0,14.969755668
2015-10-11 00:00:00 UTC,0,0.18978972
2015-09-12 00:00:00 UTC,0,1.436901687
2016-07-14 00:00:00 UTC,0,13.220174559
2017-10-16 00:00:00 UTC,0,213.238050164
2018-08-21 00:00:00 UTC,0,229.739750616
2018-07-10 00:00:00 UTC,0,552.521477291
2019-01-24 00:00:00 UTC,0,247.903805923
2017-12-22 00:00:00 UTC,0,860.769841959
2019-05-24 00:00:00 UTC,0,447.577768734
2020-02-05 00:00:00 UTC,0,357.133578883
2020-08-14 00:00:00 UTC,0,12065.744821996
2017-01-05 00:00:00 UTC,0,12.276408056
2017-04-21 00:00:00 UTC,0,57.150696439
2017-04-03 00:00:00 UTC,0,24.221473481
2018-08-09 00:00:00 UTC,0,830.69566974
2018-09-28 00:00:00 UTC,0,478.699815693
2019-10-08 00:00:00 UTC,0,368.001877331
2019-08-22 00:00:00 UTC,0,361.170513856
2018-06-02 00:00:00 UTC,0,438.252933065
2020-08-17 00:00:00 UTC,0,6115.34241517
2016-03-16 00:00:00 UTC,0,4.740142364
2016-03-29 00:00:00 UTC,0,6.728040444
2017-09-15 00:00:00 UTC,0,276.216928584
2019-12-26 00:00:00 UTC,0,295.260988447
2020-09-23 00:00:00 UTC,0,7699.588183456
2017-06-03 00:00:00 UTC,0,116.81001852
2017-07-26 00:00:00 UTC,0,163.085778515
2017-06-20 00:00:00 UTC,0,112.369873065
2018-09-14 00:00:00 UTC,0,277.76330512
2018-01-22 00:00:00 UTC,0,623.849249812
2017-10-19 00:00:00 UTC,0,181.532809496
2019-09-28 00:00:00 UTC,0,1062.611051813
2017-08-07 00:00:00 UTC,0,185.989616597
2018-07-03 00:00:00 UTC,0,3358.437410129
2019-10-04 00:00:00 UTC,0,403.866515289
2017-07-14 00:00:00 UTC,0,150.914376591
2016-04-11 00:00:00 UTC,0,2.907887534
2016-03-13 00:00:00 UTC,0,4.301269618
2016-09-17 00:00:00 UTC,0,11.693520029
2016-04-28 00:00:00 UTC,0,3.863634801
2016-08-21 00:00:00 UTC,0,6.094144791
2017-04-04 00:00:00 UTC,0,26.339501929
2018-04-10 00:00:00 UTC,0,196.710763931
2017-09-04 00:00:00 UTC,0,284.235220584
2018-09-15 00:00:00 UTC,0,261.994880879
2020-01-13 00:00:00 UTC,0,275.488627254
2018-05-23 00:00:00 UTC,0,556.079302071
2019-04-14 00:00:00 UTC,0,208.056019702
2018-06-16 00:00:00 UTC,0,241.765703624
2019-06-25 00:00:00 UTC,0,558.058642148
2020-06-29 00:00:00 UTC,0,1757.243849711
2017-02-16 00:00:00 UTC,0,14.091161947
2015-11-27 00:00:00 UTC,0,1.520489334
2015-09-04 00:00:00 UTC,0,2.189787912
2017-08-11 00:00:00 UTC,0,192.348399186
2018-10-04 00:00:00 UTC,0,323.636250865
2020-02-06 00:00:00 UTC,0,392.090535062
2018-08-13 00:00:00 UTC,0,350.445173306
2020-11-06 00:00:00 UTC,0,3411.585986689
2017-07-15 00:00:00 UTC,0,133.47133231
2016-12-25 00:00:00 UTC,0,7.03811111
2017-11-06 00:00:00 UTC,0,195.111316474
2017-10-18 00:00:00 UTC,0,177.962665711
2018-11-18 00:00:00 UTC,0,360.450656615
2018-05-21 00:00:00 UTC,0,500.114609368
2020-01-02 00:00:00 UTC,0,238.921432301
2018-04-06 00:00:00 UTC,0,231.283197599
2019-01-20 00:00:00 UTC,0,222.437023941
2020-01-09 00:00:00 UTC,0,274.15089046
2020-06-15 00:00:00 UTC,0,1793.818328717
2020-09-26 00:00:00 UTC,0,4719.868466439
2017-07-22 00:00:00 UTC,0,122.777294628
2017-02-03 00:00:00 UTC,0,12.615842255
2017-07-27 00:00:00 UTC,0,132.721207498
2017-07-04 00:00:00 UTC,0,212.60549099
2017-08-30 00:00:00 UTC,0,243.452021288
2017-06-09 00:00:00 UTC,0,127.683595262
2020-02-01 00:00:00 UTC,0,214.483174761
2017-03-23 00:00:00 UTC,0,25.649189244
2017-02-05 00:00:00 UTC,0,12.004480771
2017-03-17 00:00:00 UTC,0,29.090805531
2017-06-10 00:00:00 UTC,0,89.57439446
2016-03-25 00:00:00 UTC,0,22.750348105
2016-02-29 00:00:00 UTC,0,6.994447354
2019-01-09 00:00:00 UTC,0,192.273959953
2018-10-11 00:00:00 UTC,0,322.478928565
2018-01-19 00:00:00 UTC,0,961.849184422
2017-03-21 00:00:00 UTC,0,27.337714066
2016-09-18 00:00:00 UTC,0,10.046740533
2017-02-02 00:00:00 UTC,0,13.444060379
2016-12-13 00:00:00 UTC,0,11.817337708
2020-03-29 00:00:00 UTC,0,280.566006528
2019-12-11 00:00:00 UTC,0,326.715983476
2020-01-16 00:00:00 UTC,0,273.835678477
2020-05-21 00:00:00 UTC,0,1943.944400493
2017-04-26 00:00:00 UTC,0,33.916391003
2015-12-13 00:00:00 UTC,0,7.199852455
2015-08-18 00:00:00 UTC,0,2.809794552
2017-01-21 00:00:00 UTC,0,10.009884183
2017-07-21 00:00:00 UTC,0,142.012304633
2018-09-23 00:00:00 UTC,0,268.121302687
2018-03-26 00:00:00 UTC,0,268.593508897
2019-06-04 00:00:00 UTC,0,393.618021239
2019-02-25 00:00:00 UTC,0,381.466548388
2020-05-03 00:00:00 UTC,0,448.588114325
2020-10-30 00:00:00 UTC,0,3468.768159697
2019-04-11 00:00:00 UTC,0,320.213435745
2015-11-10 00:00:00 UTC,0,6.979366781
2017-09-16 00:00:00 UTC,0,290.290430174
2020-04-18 00:00:00 UTC,0,444.44236987
2019-05-23 00:00:00 UTC,0,414.080354028
2015-11-20 00:00:00 UTC,0,2.757082723
2015-08-19 00:00:00 UTC,0,0.30643742
2016-12-27 00:00:00 UTC,0,17.194857409
2017-09-26 00:00:00 UTC,0,266.854046485
2019-02-06 00:00:00 UTC,0,206.971023726
2020-01-18 00:00:00 UTC,0,272.948358528
2020-03-18 00:00:00 UTC,0,496.298866008
2019-05-19 00:00:00 UTC,0,358.74565649
2019-04-06 00:00:00 UTC,0,237.526952405
2016-03-15 00:00:00 UTC,0,4.539290264
2016-03-12 00:00:00 UTC,0,3.764043887
2016-07-16 00:00:00 UTC,0,6.700564416
2016-08-27 00:00:00 UTC,0,6.197039747
2016-01-04 00:00:00 UTC,0,2.641947227
2016-10-15 00:00:00 UTC,0,9.723781025
2016-12-23 00:00:00 UTC,0,10.539598379
2019-02-18 00:00:00 UTC,0,352.843905993
2018-09-18 00:00:00 UTC,0,306.834262108
2018-03-07 00:00:00 UTC,0,365.82570354
2018-04-08 00:00:00 UTC,0,194.571750033
2018-02-19 00:00:00 UTC,0,410.311840206
2019-11-30 00:00:00 UTC,0,338.10093803
2019-06-28 00:00:00 UTC,0,592.590780545
2016-09-04 00:00:00 UTC,0,26.788981307
2016-03-19 00:00:00 UTC,0,26.391934176
2016-05-26 00:00:00 UTC,0,10.290957178
2016-02-18 00:00:00 UTC,0,4.451053714
2017-01-29 00:00:00 UTC,0,10.948756631
2015-09-22 00:00:00 UTC,0,1.861072326
2015-12-08 00:00:00 UTC,0,1.66153302
2017-05-13 00:00:00 UTC,0,31.959623573
2018-07-20 00:00:00 UTC,0,383.002126918
2017-06-25 00:00:00 UTC,0,212.658565159
2018-05-19 00:00:00 UTC,0,467.322861034
2019-06-23 00:00:00 UTC,0,297.060348055
2019-06-15 00:00:00 UTC,0,504.303574258
2020-03-10 00:00:00 UTC,0,368.492665366
2020-05-19 00:00:00 UTC,0,1302.147448771
2020-08-06 00:00:00 UTC,0,2971.703919896
2017-04-30 00:00:00 UTC,0,31.238063101
2017-06-05 00:00:00 UTC,0,97.446265431
2016-08-18 00:00:00 UTC,0,11.508447397
2019-01-08 00:00:00 UTC,0,199.229929902
2018-01-30 00:00:00 UTC,0,624.272797147
2018-04-02 00:00:00 UTC,0,201.210248032
2019-03-25 00:00:00 UTC,0,293.048815089
2018-07-21 00:00:00 UTC,0,393.201231203
2018-10-13 00:00:00 UTC,0,236.044260329
2019-06-13 00:00:00 UTC,0,269.055285315
2020-05-22 00:00:00 UTC,0,1388.860590231
2015-10-02 00:00:00 UTC,0,0.91776845
2016-04-17 00:00:00 UTC,0,14.208789115
2017-03-15 00:00:00 UTC,0,26.445557476
2017-03-26 00:00:00 UTC,0,22.028012958
2016-02-13 00:00:00 UTC,0,5.622252258
2018-12-18 00:00:00 UTC,0,288.893986853
2019-05-31 00:00:00 UTC,0,427.583646397
2019-07-05 00:00:00 UTC,0,409.316088221
2020-05-05 00:00:00 UTC,0,598.74389579
2020-07-12 00:00:00 UTC,0,1423.544149867
2020-06-28 00:00:00 UTC,0,1644.041456661
2016-04-20 00:00:00 UTC,0,6.48864884
2017-07-24 00:00:00 UTC,0,179.287878938
2017-09-27 00:00:00 UTC,0,305.345907857
2017-12-21 00:00:00 UTC,0,987.878536337
2018-11-14 00:00:00 UTC,0,437.919483765
2020-07-08 00:00:00 UTC,0,2441.462599466
2016-04-08 00:00:00 UTC,0,3.160775002
2018-09-07 00:00:00 UTC,0,305.841514983
2017-09-09 00:00:00 UTC,0,265.969421564
2018-04-14 00:00:00 UTC,0,227.204995119
2020-02-12 00:00:00 UTC,0,476.884040848
2017-10-31 00:00:00 UTC,0,230.082914422
2020-03-07 00:00:00 UTC,0,286.102370674
2018-06-21 00:00:00 UTC,0,279.234238095
2020-05-01 00:00:00 UTC,0,503.875740667
2015-08-24 00:00:00 UTC,0,0.130946371
2016-11-10 00:00:00 UTC,0,14.727639404
2017-02-01 00:00:00 UTC,0,18.471813592
2015-12-15 00:00:00 UTC,0,42.286347455
2016-06-12 00:00:00 UTC,0,9.788567169
2019-02-03 00:00:00 UTC,0,183.829981619
2017-12-13 00:00:00 UTC,0,840.233111683
2019-07-16 00:00:00 UTC,0,837.273118617
2016-01-27 00:00:00 UTC,0,19.04030625
2017-03-18 00:00:00 UTC,0,18.812182122
2015-11-05 00:00:00 UTC,0,2.200399135
2015-12-16 00:00:00 UTC,0,2.026580981
2017-11-30 00:00:00 UTC,0,245.147734991
2018-07-22 00:00:00 UTC,0,244.587244219
2019-01-28 00:00:00 UTC,0,243.916368897
2018-05-08 00:00:00 UTC,0,296.867852047
2016-10-22 00:00:00 UTC,0,5.509930697
2016-02-04 00:00:00 UTC,0,4.479547343
2015-08-15 00:00:00 UTC,0,0.923934606
2017-03-05 00:00:00 UTC,0,17.981578783
2017-09-03 00:00:00 UTC,0,162.223947789
2019-01-13 00:00:00 UTC,0,176.245248278
2018-11-17 00:00:00 UTC,0,320.522514862
2020-03-24 00:00:00 UTC,0,457.921713588
2020-09-07 00:00:00 UTC,0,6492.542339519
2017-04-24 00:00:00 UTC,0,32.236677689
2016-08-26 00:00:00 UTC,0,9.235977799
2016-10-07 00:00:00 UTC,0,31.93075988
2018-01-31 00:00:00 UTC,0,620.93480999
2019-12-10 00:00:00 UTC,0,354.657844689
2019-01-03 00:00:00 UTC,0,227.557608083
2018-05-05 00:00:00 UTC,0,281.959097232
2020-10-13 00:00:00 UTC,0,4118.477770599
2020-09-18 00:00:00 UTC,0,18669.725198895
2017-02-11 00:00:00 UTC,0,16.45788296
2016-04-13 00:00:00 UTC,0,14.89440881
2016-02-02 00:00:00 UTC,0,5.120945938
2016-05-14 00:00:00 UTC,0,5.917850969
2016-07-15 00:00:00 UTC,0,10.875276749
2017-08-12 00:00:00 UTC,0,204.030866521
2018-08-30 00:00:00 UTC,0,279.451723386
2019-03-19 00:00:00 UTC,0,306.685619244
2018-02-16 00:00:00 UTC,0,355.464948047
2020-06-09 00:00:00 UTC,0,1554.789294924
2020-04-15 00:00:00 UTC,0,376.029009521
2020-10-29 00:00:00 UTC,0,3786.760231884
2015-08-23 00:00:00 UTC,0,1.230252574
2017-05-30 00:00:00 UTC,0,172.307753866
2018-10-20 00:00:00 UTC,0,244.861064703
2017-11-22 00:00:00 UTC,0,207.855130669
2018-05-17 00:00:00 UTC,0,547.353250095
2019-09-20 00:00:00 UTC,0,1223.647719165
2019-07-22 00:00:00 UTC,0,222.315061209
2019-07-08 00:00:00 UTC,0,421.859181158
2020-05-26 00:00:00 UTC,0,1530.713863502
2016-06-09 00:00:00 UTC,0,10.64175203
2016-11-14 00:00:00 UTC,0,16.614696857
2018-08-08 00:00:00 UTC,0,926.325193097
2018-09-06 00:00:00 UTC,0,300.327807172
2018-12-06 00:00:00 UTC,0,364.390408087
2019-03-13 00:00:00 UTC,0,240.372800667
2017-10-26 00:00:00 UTC,0,191.72338618
2020-04-26 00:00:00 UTC,0,486.959236846
2017-01-10 00:00:00 UTC,0,17.965453428
2016-02-10 00:00:00 UTC,0,4.31880776
2015-09-28 00:00:00 UTC,0,1.384481819
2018-10-28 00:00:00 UTC,0,226.630809275
2018-10-02 00:00:00 UTC,0,478.736927073
2018-12-07 00:00:00 UTC,0,343.994569188
2019-01-02 00:00:00 UTC,0,236.57793325
2019-04-25 00:00:00 UTC,0,213.624221673
2019-04-05 00:00:00 UTC,0,273.439882013
2019-03-01 00:00:00 UTC,0,290.31325021
2020-06-04 00:00:00 UTC,0,1199.842010934
2018-04-24 00:00:00 UTC,0,329.507425533
2019-12-17 00:00:00 UTC,0,571.891310731
2020-11-07 00:00:00 UTC,0,3339.751203493
2020-08-12 00:00:00 UTC,0,13285.271785461
2020-09-11 00:00:00 UTC,0,8902.764494137
2015-08-22 00:00:00 UTC,0,0.432238281
2017-01-17 00:00:00 UTC,0,18.179752274
2017-04-18 00:00:00 UTC,0,34.085289214
2017-08-28 00:00:00 UTC,0,170.843892819
2018-08-07 00:00:00 UTC,0,436.668671031
2020-04-21 00:00:00 UTC,0,531.382385545
2019-06-03 00:00:00 UTC,0,392.602407756
2020-04-07 00:00:00 UTC,0,457.820144538
2016-10-24 00:00:00 UTC,0,24.709797974
2016-09-29 00:00:00 UTC,0,8.807111165
2015-10-28 00:00:00 UTC,0,3.22165437
2015-12-11 00:00:00 UTC,0,1.983088024
2017-05-23 00:00:00 UTC,0,128.463191777
2017-04-19 00:00:00 UTC,0,31.898784748
2019-09-22 00:00:00 UTC,0,740.914772537
2020-01-21 00:00:00 UTC,0,213.039425129
2017-01-11 00:00:00 UTC,0,14.013179254
2017-08-20 00:00:00 UTC,0,160.455651252
2016-07-29 00:00:00 UTC,0,15.548308779
2017-05-20 00:00:00 UTC,0,57.460959168
2018-01-26 00:00:00 UTC,0,520.108218242
2018-09-17 00:00:00 UTC,0,319.318844635
2019-02-08 00:00:00 UTC,0,234.135862924
2019-07-15 00:00:00 UTC,0,352.782896439
2019-07-31 00:00:00 UTC,0,296.114663136
2018-05-30 00:00:00 UTC,0,635.547642354
2020-03-31 00:00:00 UTC,0,396.524240065
2015-12-24 00:00:00 UTC,0,15.657421673
2016-09-15 00:00:00 UTC,0,13.28642266
2017-08-31 00:00:00 UTC,0,275.422826192
2017-06-28 00:00:00 UTC,0,311.470003065
2019-01-06 00:00:00 UTC,0,198.155394917
2018-12-17 00:00:00 UTC,0,257.035277409
2020-07-18 00:00:00 UTC,0,2377.728103299
2016-05-27 00:00:00 UTC,0,10.723116
2016-08-25 00:00:00 UTC,0,9.699594758
2016-11-15 00:00:00 UTC,0,12.850815332
2018-10-26 00:00:00 UTC,0,328.861851357
2020-01-14 00:00:00 UTC,0,362.946329226
2019-04-09 00:00:00 UTC,0,259.694027164
2017-10-12 00:00:00 UTC,0,274.108272021
2018-05-04 00:00:00 UTC,0,312.977246387
2020-06-12 00:00:00 UTC,0,1424.595916366
2019-11-26 00:00:00 UTC,0,583.582070373
2020-06-30 00:00:00 UTC,0,2477.359042733
2016-07-31 00:00:00 UTC,0,6.731522811
2015-11-29 00:00:00 UTC,0,1.686605345
2015-10-14 00:00:00 UTC,0,1.953103418
2017-06-13 00:00:00 UTC,0,128.56949579
2019-08-24 00:00:00 UTC,0,297.481980512
2018-11-22 00:00:00 UTC,0,393.98003332
2019-06-24 00:00:00 UTC,0,341.105455148
2019-10-24 00:00:00 UTC,0,436.535656982
2020-04-09 00:00:00 UTC,0,375.781074603
2020-04-10 00:00:00 UTC,0,402.910560686
2019-06-10 00:00:00 UTC,0,602.175544098
2020-11-08 00:00:00 UTC,0,1619.085848723
2017-05-08 00:00:00 UTC,0,32.892046385
2017-04-08 00:00:00 UTC,0,19.813903182
2018-02-13 00:00:00 UTC,0,332.576612491
2019-06-09 00:00:00 UTC,0,252.335130973
2020-10-05 00:00:00 UTC,0,4930.719041174
2016-03-06 00:00:00 UTC,0,10.794102218
2016-09-12 00:00:00 UTC,0,11.630828812
2020-11-09 00:00:00 UTC,0,2442.171934237
2016-11-09 00:00:00 UTC,0,8.368709948
2017-09-28 00:00:00 UTC,0,242.30248471
2017-10-09 00:00:00 UTC,0,246.908832607
2017-11-09 00:00:00 UTC,0,211.880868909
2017-08-05 00:00:00 UTC,0,105.913349368
2019-07-07 00:00:00 UTC,0,217.037215931
2019-07-27 00:00:00 UTC,0,244.869999907
2020-07-16 00:00:00 UTC,0,2201.184255531
2019-11-28 00:00:00 UTC,0,460.423925796
2020-07-21 00:00:00 UTC,0,3648.210288278
2017-02-15 00:00:00 UTC,0,21.201038438
2016-02-16 00:00:00 UTC,0,6.515770492
2016-10-31 00:00:00 UTC,0,9.006506274
2016-01-15 00:00:00 UTC,0,3.32370746
2016-06-10 00:00:00 UTC,0,10.569815066
2019-12-18 00:00:00 UTC,0,444.457136574
2020-02-28 00:00:00 UTC,0,376.127903177
2018-03-18 00:00:00 UTC,0,241.22928837
2020-01-30 00:00:00 UTC,0,245.409249917
2020-05-24 00:00:00 UTC,0,1184.946107156
2020-06-27 00:00:00 UTC,0,1726.235822167
2020-07-27 00:00:00 UTC,0,5041.910815802
2015-08-12 00:00:00 UTC,0,12.615530969
2015-11-04 00:00:00 UTC,0,1.900172021
2018-02-09 00:00:00 UTC,0,403.447599907
2018-12-28 00:00:00 UTC,0,256.874232283
2018-12-02 00:00:00 UTC,0,396.70100694
2018-03-16 00:00:00 UTC,0,266.497655996
2020-09-12 00:00:00 UTC,0,6301.33705839
2020-05-11 00:00:00 UTC,0,1003.938638712
2015-12-25 00:00:00 UTC,0,1.207108819
2016-05-10 00:00:00 UTC,0,5.399996519
2016-06-08 00:00:00 UTC,0,8.279615967
2015-12-18 00:00:00 UTC,0,5.628378828
2017-11-07 00:00:00 UTC,0,218.210141164
2018-11-10 00:00:00 UTC,0,207.586571378
2019-08-14 00:00:00 UTC,0,317.79686269
2019-07-23 00:00:00 UTC,0,251.046758713
2020-04-13 00:00:00 UTC,0,382.565859012
2020-07-07 00:00:00 UTC,0,1811.93402881
2016-08-14 00:00:00 UTC,0,2.961726487
2017-03-08 00:00:00 UTC,0,14.307923648
2016-07-20 00:00:00 UTC,0,55.303873212
2017-09-21 00:00:00 UTC,0,190.3347258
2019-04-21 00:00:00 UTC,0,218.117550328
2019-01-12 00:00:00 UTC,0,165.063145776
2019-12-14 00:00:00 UTC,0,273.880749107
2020-10-04 00:00:00 UTC,0,4449.895523271
2020-05-12 00:00:00 UTC,0,1125.521943727
2019-07-24 00:00:00 UTC,0,610.573815489
2020-10-22 00:00:00 UTC,0,3592.242956824
2015-11-13 00:00:00 UTC,0,6.639949257
2017-04-25 00:00:00 UTC,0,41.762673287
2019-06-07 00:00:00 UTC,0,339.586919099
2016-06-17 00:00:00 UTC,0,163.884766295
2018-02-15 00:00:00 UTC,0,362.974651693
2020-02-27 00:00:00 UTC,0,446.905105662
2020-02-13 00:00:00 UTC,0,424.806419463
2018-05-13 00:00:00 UTC,0,382.07407599
2018-01-23 00:00:00 UTC,0,704.521360768
2019-02-20 00:00:00 UTC,0,340.554833861
2019-06-02 00:00:00 UTC,0,299.950707135
2020-04-23 00:00:00 UTC,0,530.204343016
2020-10-25 00:00:00 UTC,0,1703.328545976
2020-06-25 00:00:00 UTC,0,2003.011632478
2017-05-07 00:00:00 UTC,0,50.022618664
2016-11-27 00:00:00 UTC,0,96.169976221
2019-03-10 00:00:00 UTC,0,222.395295109
2018-11-07 00:00:00 UTC,0,323.47010791
2019-03-30 00:00:00 UTC,0,253.264468611
2018-04-12 00:00:00 UTC,0,260.287710241
2020-01-23 00:00:00 UTC,0,197.475803998
2018-12-03 00:00:00 UTC,0,454.74154726
2019-09-26 00:00:00 UTC,0,1023.770471426
2020-09-08 00:00:00 UTC,0,6113.769880732
2017-06-06 00:00:00 UTC,0,136.163226097
2017-01-31 00:00:00 UTC,0,11.766926684
2016-06-01 00:00:00 UTC,0,12.649489802
2018-07-27 00:00:00 UTC,0,247.462615231
2019-12-16 00:00:00 UTC,0,419.781975802
2020-02-08 00:00:00 UTC,0,312.056468826
2018-04-17 00:00:00 UTC,0,235.115523789
2020-02-18 00:00:00 UTC,0,357.69225361
2020-03-14 00:00:00 UTC,0,463.03113733
2020-09-16 00:00:00 UTC,0,9250.133296678
2020-07-29 00:00:00 UTC,0,3616.531645702
2017-04-20 00:00:00 UTC,0,30.126831659
2015-08-09 00:00:00 UTC,0,0.767438457
2017-12-26 00:00:00 UTC,0,402.023144614
2018-04-11 00:00:00 UTC,0,227.773495162
2020-01-11 00:00:00 UTC,0,246.518478557
2019-10-03 00:00:00 UTC,0,545.779861535
2018-05-03 00:00:00 UTC,0,371.772650853
2020-08-31 00:00:00 UTC,0,13302.190469795
2020-06-21 00:00:00 UTC,0,1447.837243645
2016-07-04 00:00:00 UTC,0,8.526137917
2016-04-24 00:00:00 UTC,0,3.250191307
2017-08-14 00:00:00 UTC,0,188.248050532
2019-03-11 00:00:00 UTC,0,241.425165681
2018-02-23 00:00:00 UTC,0,398.2016368
2018-06-12 00:00:00 UTC,0,331.307201459
2019-06-14 00:00:00 UTC,0,381.597806707
2020-07-04 00:00:00 UTC,0,1498.966763144
2015-10-08 00:00:00 UTC,0,1.5614895
2017-02-22 00:00:00 UTC,0,28.100451674
2016-08-28 00:00:00 UTC,0,3.115327044
2017-12-14 00:00:00 UTC,0,1025.178517127
2018-09-11 00:00:00 UTC,0,334.294977518
2019-01-19 00:00:00 UTC,0,204.48147731
2018-08-17 00:00:00 UTC,0,717.654379784
2019-09-05 00:00:00 UTC,0,530.030832772
2020-05-09 00:00:00 UTC,0,708.104039245
2016-10-21 00:00:00 UTC,0,7.452719487
2016-01-21 00:00:00 UTC,0,4.591096438
2016-04-25 00:00:00 UTC,0,7.014285753
2017-10-07 00:00:00 UTC,0,197.710541084
2017-11-16 00:00:00 UTC,0,242.077936389
2018-10-18 00:00:00 UTC,0,255.434292747
2019-11-09 00:00:00 UTC,0,339.059727347
2019-04-22 00:00:00 UTC,0,243.478114606
2019-06-05 00:00:00 UTC,0,369.172621506
2020-09-19 00:00:00 UTC,0,10220.977822399
2020-09-24 00:00:00 UTC,0,6486.981741618
2020-07-25 00:00:00 UTC,0,4180.985746217
2020-09-02 00:00:00 UTC,0,28290.12943915
2020-09-15 00:00:00 UTC,0,11545.353708209
2017-11-01 00:00:00 UTC,0,262.095784874
2018-03-27 00:00:00 UTC,0,246.960992219
2018-01-11 00:00:00 UTC,0,1376.146194762
2019-11-11 00:00:00 UTC,0,406.901426319
2020-11-04 00:00:00 UTC,0,2090.873371454
2020-08-05 00:00:00 UTC,0,2699.284960203
2017-04-28 00:00:00 UTC,0,36.312137488
2016-06-03 00:00:00 UTC,0,6.73936972
2018-09-20 00:00:00 UTC,0,338.293139502
2017-12-05 00:00:00 UTC,0,808.814515059
2018-08-14 00:00:00 UTC,0,406.93112798
2018-03-21 00:00:00 UTC,0,312.838028128
2017-03-20 00:00:00 UTC,0,19.608152466
2015-09-03 00:00:00 UTC,0,0.682092231
2017-01-12 00:00:00 UTC,0,15.162133621
2015-11-02 00:00:00 UTC,0,2.594426254
2016-04-02 00:00:00 UTC,0,3.017586557
2016-12-19 00:00:00 UTC,0,15.865240134
2017-08-03 00:00:00 UTC,0,99.447123997
2017-12-17 00:00:00 UTC,0,778.857011035
2018-04-09 00:00:00 UTC,0,208.105187508
2017-11-21 00:00:00 UTC,0,216.914245382
2018-11-16 00:00:00 UTC,0,425.78590998
2017-10-27 00:00:00 UTC,0,215.172233182
2018-10-06 00:00:00 UTC,0,212.081902689
2018-06-13 00:00:00 UTC,0,342.890986036
2018-08-24 00:00:00 UTC,0,405.762247992
2020-05-18 00:00:00 UTC,0,1492.920848639
2015-10-15 00:00:00 UTC,0,9.903956425
2017-01-25 00:00:00 UTC,0,16.379628988
2015-09-06 00:00:00 UTC,0,0.52431715
2015-11-03 00:00:00 UTC,0,3.968532777
2016-12-24 00:00:00 UTC,0,7.610818941
2016-11-08 00:00:00 UTC,0,7.104171016
2017-11-08 00:00:00 UTC,0,270.900374791
2019-03-28 00:00:00 UTC,0,293.348191876
2018-05-16 00:00:00 UTC,0,539.145972406
2019-08-12 00:00:00 UTC,0,276.785704012
2017-11-28 00:00:00 UTC,0,253.601025469
2019-04-10 00:00:00 UTC,0,368.681944453
2018-04-15 00:00:00 UTC,0,197.549542145
2018-11-02 00:00:00 UTC,0,322.445630534
2019-10-15 00:00:00 UTC,0,376.462015336
2016-11-01 00:00:00 UTC,0,15.851215776
2017-03-13 00:00:00 UTC,0,34.503524421
2017-03-30 00:00:00 UTC,0,30.233035519
2017-06-17 00:00:00 UTC,0,109.996340334
2016-06-06 00:00:00 UTC,0,7.612302105
2015-12-04 00:00:00 UTC,0,3.414043714
2019-02-19 00:00:00 UTC,0,348.248421059
2018-12-19 00:00:00 UTC,0,310.008735264
2020-01-01 00:00:00 UTC,0,250.272956089
2019-09-24 00:00:00 UTC,0,1308.246112018
2019-08-01 00:00:00 UTC,0,556.064431882
2020-03-16 00:00:00 UTC,0,1191.881908138
2015-10-05 00:00:00 UTC,0,2.993841427
2015-08-28 00:00:00 UTC,0,0.569213736
2016-02-17 00:00:00 UTC,0,14.237097954
2015-10-24 00:00:00 UTC,0,4.417978526
2017-04-13 00:00:00 UTC,0,24.523577416
2017-09-20 00:00:00 UTC,0,239.610986307
2018-09-22 00:00:00 UTC,0,305.544404611
2018-10-01 00:00:00 UTC,0,459.722699987
2018-03-05 00:00:00 UTC,0,382.262158319
2019-11-04 00:00:00 UTC,0,387.246953182
2018-10-31 00:00:00 UTC,0,297.675621175
2020-03-08 00:00:00 UTC,0,581.993368109
2019-04-02 00:00:00 UTC,0,388.39145422
2019-08-09 00:00:00 UTC,0,296.019294957
2019-10-09 00:00:00 UTC,0,444.310745216
2020-08-23 00:00:00 UTC,0,4695.590219237
2017-09-13 00:00:00 UTC,0,275.315082883
2020-02-29 00:00:00 UTC,0,254.925887544
2018-11-12 00:00:00 UTC,0,332.318837622
2018-05-20 00:00:00 UTC,0,440.206388234
2020-02-22 00:00:00 UTC,0,227.893139644
2019-11-19 00:00:00 UTC,0,427.615034679
2020-10-11 00:00:00 UTC,0,2756.211948954
2020-08-21 00:00:00 UTC,0,9121.49699966
2015-10-06 00:00:00 UTC,0,1.18362721
2016-04-27 00:00:00 UTC,0,3.80903706
2017-10-11 00:00:00 UTC,0,244.275788577
2017-11-19 00:00:00 UTC,0,175.178868079
2018-09-30 00:00:00 UTC,0,395.585136111
2019-08-25 00:00:00 UTC,0,409.62918759
2018-04-04 00:00:00 UTC,0,187.329795766
2019-07-17 00:00:00 UTC,0,562.42938843
2019-01-17 00:00:00 UTC,0,225.538721521
2019-08-23 00:00:00 UTC,0,342.16695419
2020-06-03 00:00:00 UTC,0,1118.731383685
2019-11-17 00:00:00 UTC,0,332.636759648
2020-05-23 00:00:00 UTC,0,862.451948323
2016-08-03 00:00:00 UTC,0,7.566100205
2016-04-03 00:00:00 UTC,0,2.876111613
2016-07-27 00:00:00 UTC,0,13.045920636
2019-01-07 00:00:00 UTC,0,206.800483904
2017-10-14 00:00:00 UTC,0,236.541284286
2020-04-06 00:00:00 UTC,0,504.553373989
2017-01-07 00:00:00 UTC,0,9.319145502
2015-08-30 00:00:00 UTC,0,0.35372175
2016-04-26 00:00:00 UTC,0,4.240474612
2016-07-17 00:00:00 UTC,0,3.993045879
2017-08-21 00:00:00 UTC,0,158.478989157
2016-06-18 00:00:00 UTC,0,244.91156977
2017-10-13 00:00:00 UTC,0,252.512444994
2018-06-26 00:00:00 UTC,0,262.8373627
2018-07-07 00:00:00 UTC,0,2198.191412947
2018-10-03 00:00:00 UTC,0,313.242041382
2019-12-01 00:00:00 UTC,0,397.992453826
2019-03-06 00:00:00 UTC,0,293.419722074
2018-04-29 00:00:00 UTC,0,401.873250583
2020-02-04 00:00:00 UTC,0,283.087275927
2020-06-26 00:00:00 UTC,0,1860.471527339
2019-11-14 00:00:00 UTC,0,387.890692389
2020-07-26 00:00:00 UTC,0,3662.282705975
2016-04-18 00:00:00 UTC,0,2.442805448
2016-03-27 00:00:00 UTC,0,3.653837157
2015-09-23 00:00:00 UTC,0,0.822645197
2016-02-28 00:00:00 UTC,0,4.079365354
2017-05-10 00:00:00 UTC,0,40.534241409
2017-12-25 00:00:00 UTC,0,456.732777126
2018-06-03 00:00:00 UTC,0,415.165177606
2019-04-08 00:00:00 UTC,0,296.629192982
2019-06-17 00:00:00 UTC,0,569.832291015
2020-08-16 00:00:00 UTC,0,5503.482761321
2016-11-11 00:00:00 UTC,0,9.348130922
2015-12-12 00:00:00 UTC,0,1.853325007
2017-06-18 00:00:00 UTC,0,105.619514768
2018-01-12 00:00:00 UTC,0,1181.84529432
2020-03-11 00:00:00 UTC,0,481.107654447
2020-07-28 00:00:00 UTC,0,3496.277869559
2020-10-08 00:00:00 UTC,0,4646.543964772
2016-01-26 00:00:00 UTC,0,11.273111372
2016-06-24 00:00:00 UTC,0,19.901729692
2017-08-08 00:00:00 UTC,0,188.654408348
2017-12-01 00:00:00 UTC,0,278.72822185
2018-07-28 00:00:00 UTC,0,258.549234314
2019-09-16 00:00:00 UTC,0,821.531593477
2018-03-15 00:00:00 UTC,0,263.705327247
2018-07-19 00:00:00 UTC,0,312.747002188
2016-07-21 00:00:00 UTC,0,14.90388228
2017-08-29 00:00:00 UTC,0,295.890167627
2018-06-23 00:00:00 UTC,0,199.095904379
2018-01-08 00:00:00 UTC,0,1389.011397928
2019-10-05 00:00:00 UTC,0,340.016448728
2020-10-16 00:00:00 UTC,0,3474.030852669
2016-01-31 00:00:00 UTC,0,4.588592509
2017-02-04 00:00:00 UTC,0,11.134712386
2016-11-04 00:00:00 UTC,0,4.550190729
2018-12-26 00:00:00 UTC,0,270.160698019
2019-12-09 00:00:00 UTC,0,316.470985978
2020-11-02 00:00:00 UTC,0,3251.179003468
2016-06-22 00:00:00 UTC,0,30.003581136
2016-05-19 00:00:00 UTC,0,8.811298202
2016-11-20 00:00:00 UTC,0,9.674623428
2019-02-09 00:00:00 UTC,0,205.23119009
2019-01-16 00:00:00 UTC,0,248.887813555
2018-12-11 00:00:00 UTC,0,263.791332791
2019-03-08 00:00:00 UTC,0,290.893934371
2019-09-19 00:00:00 UTC,0,1230.008845765
2019-11-29 00:00:00 UTC,0,382.285295945
2020-04-02 00:00:00 UTC,0,409.99635609
2019-09-17 00:00:00 UTC,0,1004.216695887
2020-08-22 00:00:00 UTC,0,5695.652968747
2020-10-28 00:00:00 UTC,0,3670.974762403
2016-01-08 00:00:00 UTC,0,3.619504344
2017-04-01 00:00:00 UTC,0,22.268670385
2017-07-19 00:00:00 UTC,0,191.682023051
2017-09-08 00:00:00 UTC,0,459.699434554
2018-10-15 00:00:00 UTC,0,276.863372054
2018-06-24 00:00:00 UTC,0,224.03210592
2019-03-09 00:00:00 UTC,0,260.333100577
2018-12-12 00:00:00 UTC,0,245.855534047
2020-05-06 00:00:00 UTC,0,726.991057857
2020-08-27 00:00:00 UTC,0,5257.487865063
2020-07-01 00:00:00 UTC,0,2019.534587267
2015-11-11 00:00:00 UTC,0,15.180071454
2015-12-28 00:00:00 UTC,0,4.771096581
2017-07-11 00:00:00 UTC,0,107.304882216
2016-03-24 00:00:00 UTC,0,18.881097985
2016-07-26 00:00:00 UTC,0,12.789499171
2018-10-09 00:00:00 UTC,0,286.619284201
2019-10-01 00:00:00 UTC,0,416.80223197
2018-02-25 00:00:00 UTC,0,388.888243516
2019-09-29 00:00:00 UTC,0,965.158352011
2018-06-14 00:00:00 UTC,0,359.866585291
2020-06-17 00:00:00 UTC,0,1655.644669683
2019-05-01 00:00:00 UTC,0,241.669454299
2019-08-29 00:00:00 UTC,0,396.060548971
2016-03-10 00:00:00 UTC,0,3.285035322
2015-11-22 00:00:00 UTC,0,1.183574435
2016-02-15 00:00:00 UTC,0,4.824335694
2016-05-28 00:00:00 UTC,0,54.299572645
2015-09-16 00:00:00 UTC,0,0.91858525
2017-08-04 00:00:00 UTC,0,97.971524707
2018-11-11 00:00:00 UTC,0,192.488286475
2019-03-24 00:00:00 UTC,0,230.1954249
2020-02-10 00:00:00 UTC,0,315.601060288
2019-12-27 00:00:00 UTC,0,289.193997548
2019-10-17 00:00:00 UTC,0,349.433957291
2019-05-27 00:00:00 UTC,0,446.535688105
2016-01-24 00:00:00 UTC,0,6.096818256
2017-02-26 00:00:00 UTC,0,15.99601779
2017-05-05 00:00:00 UTC,0,29.436635008
2015-12-07 00:00:00 UTC,0,1.425128028
2018-02-22 00:00:00 UTC,0,390.034128819
2019-03-27 00:00:00 UTC,0,337.747182392
2017-09-12 00:00:00 UTC,0,282.740049142
2019-09-07 00:00:00 UTC,0,554.026027805
2017-02-13 00:00:00 UTC,0,34.77670751
2017-10-10 00:00:00 UTC,0,263.826756291
2019-03-03 00:00:00 UTC,0,241.636963272
2018-11-09 00:00:00 UTC,0,279.117319624
2017-12-28 00:00:00 UTC,0,443.181783517
2016-03-17 00:00:00 UTC,0,8.882504934
2015-09-13 00:00:00 UTC,0,1.30052555
2016-12-21 00:00:00 UTC,0,34.081389912
2016-02-14 00:00:00 UTC,0,2.738602931
2016-01-13 00:00:00 UTC,0,30.55250484
2017-10-02 00:00:00 UTC,0,227.747110821
2019-01-30 00:00:00 UTC,0,244.540208429
2017-12-15 00:00:00 UTC,0,901.380441171
2019-05-25 00:00:00 UTC,0,330.038651341
2018-01-20 00:00:00 UTC,0,990.702453474
2020-07-02 00:00:00 UTC,0,1907.884030473
2016-10-23 00:00:00 UTC,0,4.032581671
2015-12-21 00:00:00 UTC,0,14.887148873
2015-08-13 00:00:00 UTC,0,6.840981158
2019-02-17 00:00:00 UTC,0,261.176390965
2018-02-21 00:00:00 UTC,0,407.186560606
2019-03-15 00:00:00 UTC,0,233.850415678
2019-01-29 00:00:00 UTC,0,231.117580507
2019-11-22 00:00:00 UTC,0,1043.920427569
2017-03-25 00:00:00 UTC,0,18.596990141
2017-12-04 00:00:00 UTC,0,543.978225177
2020-01-03 00:00:00 UTC,0,279.115433347
2019-08-15 00:00:00 UTC,0,373.130658073
2018-01-02 00:00:00 UTC,0,548.79343946
2016-01-22 00:00:00 UTC,0,17.294253495
2015-09-18 00:00:00 UTC,0,3.072794727
2015-11-09 00:00:00 UTC,0,2.129985918
2016-01-18 00:00:00 UTC,0,15.129444804
2019-01-14 00:00:00 UTC,0,249.785003832
2019-03-22 00:00:00 UTC,0,319.867425788
2018-01-15 00:00:00 UTC,0,1079.431667376
2020-04-08 00:00:00 UTC,0,388.689087448
2018-03-19 00:00:00 UTC,0,248.665984709
2017-04-22 00:00:00 UTC,0,39.60674896
2019-08-26 00:00:00 UTC,0,491.35942608
2018-07-30 00:00:00 UTC,0,217.649225659
2018-06-04 00:00:00 UTC,0,542.158780599
2019-10-31 00:00:00 UTC,0,435.115149595
2020-08-13 00:00:00 UTC,0,14879.877156684
2016-03-02 00:00:00 UTC,0,3.365505468
2016-06-28 00:00:00 UTC,0,12.434927809
2017-01-18 00:00:00 UTC,0,12.487580106
2017-08-19 00:00:00 UTC,0,310.380831768
2017-06-16 00:00:00 UTC,0,109.667278436
2019-10-20 00:00:00 UTC,0,354.116076993
2018-02-01 00:00:00 UTC,0,657.241610529
2020-08-29 00:00:00 UTC,0,5705.880486408
2016-04-04 00:00:00 UTC,0,3.369167455
2016-10-03 00:00:00 UTC,0,19.698696089
2017-05-18 00:00:00 UTC,0,60.708345248
2016-12-10 00:00:00 UTC,0,9.751798303
2019-02-01 00:00:00 UTC,0,247.235655997
2018-04-01 00:00:00 UTC,0,165.920661419
2018-10-05 00:00:00 UTC,0,313.845017784
2019-12-02 00:00:00 UTC,0,406.138611895
2020-06-08 00:00:00 UTC,0,1628.146390773
2020-10-17 00:00:00 UTC,0,1957.863817277
2016-12-04 00:00:00 UTC,0,7.542816472
2017-08-24 00:00:00 UTC,0,139.827249611
2018-02-17 00:00:00 UTC,0,444.581417279
2020-08-26 00:00:00 UTC,0,5139.877659436
2016-08-05 00:00:00 UTC,0,6.684183119
2015-09-24 00:00:00 UTC,0,1.286820368
2015-12-19 00:00:00 UTC,0,1.329334225
2017-03-01 00:00:00 UTC,0,21.666412499
2016-09-30 00:00:00 UTC,0,13.526544509
2017-08-15 00:00:00 UTC,0,179.740716382
2020-01-29 00:00:00 UTC,0,211.808539144
2018-05-15 00:00:00 UTC,0,482.991309771
2020-08-18 00:00:00 UTC,0,7308.705781797
2015-08-20 00:00:00 UTC,0,1.48761811
2016-04-12 00:00:00 UTC,0,4.084859607
2016-08-22 00:00:00 UTC,0,7.125181594
2015-11-06 00:00:00 UTC,0,3.76451608
2018-01-25 00:00:00 UTC,0,654.707515997
2020-05-08 00:00:00 UTC,0,871.854354183
2016-03-03 00:00:00 UTC,0,3.419307762
2016-09-28 00:00:00 UTC,0,40.556544798
2018-03-31 00:00:00 UTC,0,187.011588098
2017-10-05 00:00:00 UTC,0,299.76271742
2018-06-07 00:00:00 UTC,0,473.828699562
2019-12-25 00:00:00 UTC,0,283.234475173
2020-07-24 00:00:00 UTC,0,3753.250700818
2016-10-13 00:00:00 UTC,0,85.010585959
2016-06-02 00:00:00 UTC,0,7.530938673
2018-06-08 00:00:00 UTC,0,398.154009384
2019-10-22 00:00:00 UTC,0,434.07880262
2020-11-01 00:00:00 UTC,0,1779.684011262
2015-09-02 00:00:00 UTC,0,0.615179013
2015-09-11 00:00:00 UTC,0,0.972285265
2017-09-10 00:00:00 UTC,0,207.714730531
2017-12-27 00:00:00 UTC,0,447.22418517
2019-01-26 00:00:00 UTC,0,190.451982149
2018-07-14 00:00:00 UTC,0,2416.301819308
2018-07-09 00:00:00 UTC,0,869.617366292
2018-04-23 00:00:00 UTC,0,260.53399658
2020-04-29 00:00:00 UTC,0,717.550573559
2015-10-31 00:00:00 UTC,0,6.882952144
2016-03-30 00:00:00 UTC,0,10.471842402
2018-10-29 00:00:00 UTC,0,293.982018101
2018-06-29 00:00:00 UTC,0,266.44811793
2018-01-16 00:00:00 UTC,0,989.351481684
2019-10-02 00:00:00 UTC,0,394.13139894
2020-05-17 00:00:00 UTC,0,1069.855456965
2020-07-14 00:00:00 UTC,0,1929.205383951
2020-09-01 00:00:00 UTC,0,25908.522767748
2016-09-27 00:00:00 UTC,0,66.744061089
2016-11-23 00:00:00 UTC,0,49.110177998
2017-08-17 00:00:00 UTC,0,273.66455333
2017-08-13 00:00:00 UTC,0,167.456142108
2017-10-24 00:00:00 UTC,0,242.942383385
2019-02-13 00:00:00 UTC,0,261.168724301
2017-12-06 00:00:00 UTC,0,942.194533804
2017-10-30 00:00:00 UTC,0,206.169745599
2019-03-14 00:00:00 UTC,0,224.579347692
2019-11-05 00:00:00 UTC,0,410.244867681
2020-06-13 00:00:00 UTC,0,1137.221079367
2019-05-22 00:00:00 UTC,0,489.235292211
2020-07-11 00:00:00 UTC,0,1486.142413107
2020-10-20 00:00:00 UTC,0,3453.981605291
2020-06-22 00:00:00 UTC,0,2047.753485391
2016-08-04 00:00:00 UTC,0,7.724156108
2016-08-12 00:00:00 UTC,0,6.971798768
2016-11-05 00:00:00 UTC,0,4.260575643
2017-09-14 00:00:00 UTC,0,211.57130796
2018-07-24 00:00:00 UTC,0,303.920150641
2018-09-03 00:00:00 UTC,0,255.622960072
2018-04-05 00:00:00 UTC,0,370.176094915
2016-09-09 00:00:00 UTC,0,18.685645782
2016-09-16 00:00:00 UTC,0,22.357511937
2017-10-01 00:00:00 UTC,0,228.6228491
2018-06-18 00:00:00 UTC,0,221.768577855
2019-11-21 00:00:00 UTC,0,641.45919889
2018-07-01 00:00:00 UTC,0,2171.523182803
2020-01-06 00:00:00 UTC,0,301.466231558
2019-11-15 00:00:00 UTC,0,394.233346418
2020-07-22 00:00:00 UTC,0,3485.215825232
2020-10-23 00:00:00 UTC,0,3089.267549032
2016-06-23 00:00:00 UTC,0,13.056655832
2017-06-11 00:00:00 UTC,0,167.926102494
2016-01-12 00:00:00 UTC,0,2.248968593
2016-12-15 00:00:00 UTC,0,14.968852581
2017-10-08 00:00:00 UTC,0,197.644626116
2018-03-09 00:00:00 UTC,0,336.964869747
2018-04-18 00:00:00 UTC,0,260.420653525
2020-10-09 00:00:00 UTC,0,4352.839364768
2015-09-30 00:00:00 UTC,0,1.500556797
2016-09-01 00:00:00 UTC,0,7.79658935
2016-06-26 00:00:00 UTC,0,8.868321582
2016-06-04 00:00:00 UTC,0,7.382203024
2017-11-24 00:00:00 UTC,0,178.62692557
2018-05-29 00:00:00 UTC,0,602.738590527
2018-12-15 00:00:00 UTC,0,220.806579395
2019-04-26 00:00:00 UTC,0,274.747563579
2018-05-09 00:00:00 UTC,0,357.074576981
2020-06-23 00:00:00 UTC,0,2262.871982758
2017-03-19 00:00:00 UTC,0,18.894644406
2015-09-08 00:00:00 UTC,0,0.537821133
2016-01-10 00:00:00 UTC,0,6.18232792
2018-01-21 00:00:00 UTC,0,621.982760495
2018-08-06 00:00:00 UTC,0,215.502196638
2019-01-11 00:00:00 UTC,0,218.7507418
2019-06-06 00:00:00 UTC,0,366.296022388
2018-11-01 00:00:00 UTC,0,279.119817876
2019-03-05 00:00:00 UTC,0,316.99947151
2018-11-06 00:00:00 UTC,0,350.772983271
2018-08-15 00:00:00 UTC,0,325.717191435
2018-05-14 00:00:00 UTC,0,463.836164108
2019-12-15 00:00:00 UTC,0,280.113984773
2020-07-15 00:00:00 UTC,0,2110.418383429
2015-09-01 00:00:00 UTC,0,1.312946459
2016-03-18 00:00:00 UTC,0,3.760151684
2016-04-30 00:00:00 UTC,0,8.178107212
2017-08-02 00:00:00 UTC,0,99.513570057
2018-04-03 00:00:00 UTC,0,205.637761775
2018-05-06 00:00:00 UTC,0,248.32692758
2020-02-23 00:00:00 UTC,0,258.74069976
2019-10-11 00:00:00 UTC,0,366.309093926
2019-09-13 00:00:00 UTC,0,706.152683524
2020-10-14 00:00:00 UTC,0,4321.075826251
2016-04-09 00:00:00 UTC,0,2.778753063
2017-01-19 00:00:00 UTC,0,11.008090031
2016-12-01 00:00:00 UTC,0,9.584374081
2017-04-14 00:00:00 UTC,0,26.008487239
2017-03-10 00:00:00 UTC,0,22.387909035
2017-01-27 00:00:00 UTC,0,14.345263681
2017-10-06 00:00:00 UTC,0,312.674707595
2019-04-13 00:00:00 UTC,0,214.937955508
2020-02-07 00:00:00 UTC,0,399.096792543
2020-04-24 00:00:00 UTC,0,495.491698939
2019-12-23 00:00:00 UTC,0,351.163274101
2019-04-03 00:00:00 UTC,0,472.299815813
2017-03-29 00:00:00 UTC,0,30.626023789
2016-08-31 00:00:00 UTC,0,5.94473929
2017-06-29 00:00:00 UTC,0,248.672903998
2019-02-11 00:00:00 UTC,0,231.87217069
2017-09-30 00:00:00 UTC,0,252.823748213
2018-03-06 00:00:00 UTC,0,315.447544259
2017-10-20 00:00:00 UTC,0,395.467644098
2018-09-29 00:00:00 UTC,0,506.481333116
2017-12-24 00:00:00 UTC,0,669.501273734
2020-03-27 00:00:00 UTC,0,399.392272923
2018-12-13 00:00:00 UTC,0,280.448536002
2018-08-18 00:00:00 UTC,0,264.893980242
2019-09-30 00:00:00 UTC,0,858.654367398
2016-04-10 00:00:00 UTC,0,2.692963336
2017-06-07 00:00:00 UTC,0,152.813706598
2017-02-21 00:00:00 UTC,0,32.340797459
2015-10-26 00:00:00 UTC,0,3.970516856
2017-08-27 00:00:00 UTC,0,142.740282711
2018-03-23 00:00:00 UTC,0,318.883047479
2017-12-02 00:00:00 UTC,0,211.41154443
2019-05-21 00:00:00 UTC,0,333.401924456
2020-01-31 00:00:00 UTC,0,243.937050674
2020-03-04 00:00:00 UTC,0,294.069322295
2020-09-09 00:00:00 UTC,0,7124.800807641
2016-08-01 00:00:00 UTC,0,5.784861405
2015-12-26 00:00:00 UTC,0,8.609660181
2016-05-18 00:00:00 UTC,0,9.277029552
2015-11-26 00:00:00 UTC,0,0.920940834
2015-11-28 00:00:00 UTC,0,7.04865579
2016-02-27 00:00:00 UTC,0,3.779507178
2017-06-24 00:00:00 UTC,0,183.729170536
2017-09-25 00:00:00 UTC,0,257.554474852
2019-01-04 00:00:00 UTC,0,243.344996931
2018-03-01 00:00:00 UTC,0,361.091940538
2017-09-07 00:00:00 UTC,0,490.20173127
2018-03-20 00:00:00 UTC,0,254.975481825
2018-02-04 00:00:00 UTC,0,474.307011256
2019-08-27 00:00:00 UTC,0,380.040981032
2018-01-07 00:00:00 UTC,0,1410.228114549
2018-04-28 00:00:00 UTC,0,323.536497034
2019-09-14 00:00:00 UTC,0,777.011032636
2020-08-20 00:00:00 UTC,0,6512.619548025
2015-10-13 00:00:00 UTC,0,2.610387592
2015-09-17 00:00:00 UTC,0,0.811591094
2017-06-12 00:00:00 UTC,0,162.176627585
2015-09-14 00:00:00 UTC,0,1.6069295
2016-05-06 00:00:00 UTC,0,12.930607921
2016-10-18 00:00:00 UTC,0,32.750185021
2017-12-12 00:00:00 UTC,0,1003.896735382
2017-05-29 00:00:00 UTC,0,72.688957257
2017-10-03 00:00:00 UTC,0,241.709839999
2019-08-02 00:00:00 UTC,0,381.29871552
2018-12-05 00:00:00 UTC,0,493.033314459
2020-10-19 00:00:00 UTC,0,3178.46246202
2020-09-21 00:00:00 UTC,0,10529.011759022
2016-01-09 00:00:00 UTC,0,10.125764266
2017-08-23 00:00:00 UTC,0,151.788093633
2019-01-23 00:00:00 UTC,0,245.490608795
2019-06-08 00:00:00 UTC,0,592.941526962
2020-04-11 00:00:00 UTC,0,295.599119125
2020-04-25 00:00:00 UTC,0,431.24385331
2020-06-10 00:00:00 UTC,0,1715.143362593
2020-07-13 00:00:00 UTC,0,2374.14717418
2015-12-29 00:00:00 UTC,0,3.682461554
2016-02-07 00:00:00 UTC,0,8.71601547
2017-06-04 00:00:00 UTC,0,118.497776484
2016-08-11 00:00:00 UTC,0,6.527259224
2017-05-06 00:00:00 UTC,0,33.23992762
2017-06-19 00:00:00 UTC,0,131.502911706
2016-01-16 00:00:00 UTC,0,6.451988725
2016-11-26 00:00:00 UTC,0,54.437196988
2020-03-20 00:00:00 UTC,0,580.73438048
2019-02-23 00:00:00 UTC,0,281.776268504
2019-08-06 00:00:00 UTC,0,278.612282171
2018-03-12 00:00:00 UTC,0,300.39785171
2020-05-04 00:00:00 UTC,0,566.808890096
2016-06-20 00:00:00 UTC,0,31.936865282
2016-12-02 00:00:00 UTC,0,9.173149379
2017-05-15 00:00:00 UTC,0,46.260143275
2018-07-04 00:00:00 UTC,0,2532.844710471
2019-07-18 00:00:00 UTC,0,267.622009234
2015-08-07 00:00:00 UTC,0,13.21007929
2019-04-20 00:00:00 UTC,0,192.563488391
2018-08-01 00:00:00 UTC,0,204.711303038
2017-12-23 00:00:00 UTC,0,711.176093632
2018-08-02 00:00:00 UTC,0,219.262783456
2019-10-14 00:00:00 UTC,0,359.133864905
2020-09-27 00:00:00 UTC,0,4744.716636193
2016-05-13 00:00:00 UTC,0,8.652974968
2017-01-04 00:00:00 UTC,0,16.346310197
2016-06-21 00:00:00 UTC,0,57.531677771
2017-09-18 00:00:00 UTC,0,237.376235183
2019-03-18 00:00:00 UTC,0,262.362020672
2018-01-27 00:00:00 UTC,0,446.713129857
2019-10-19 00:00:00 UTC,0,331.565765945
2017-01-03 00:00:00 UTC,0,19.848640628
2017-05-01 00:00:00 UTC,0,57.211012079
2016-07-13 00:00:00 UTC,0,8.694072397
2018-10-22 00:00:00 UTC,0,281.912570543
2017-08-09 00:00:00 UTC,0,127.336069622
2019-01-05 00:00:00 UTC,0,266.097429048
2017-11-23 00:00:00 UTC,0,230.903376123
2019-09-01 00:00:00 UTC,0,345.988489295
2020-06-20 00:00:00 UTC,0,1405.176333429
2016-10-20 00:00:00 UTC,0,28.195040709
2017-02-12 00:00:00 UTC,0,18.194746066
2017-05-03 00:00:00 UTC,0,34.366767978
2015-10-21 00:00:00 UTC,0,1.143710772
2019-07-09 00:00:00 UTC,0,328.23183923
2018-12-10 00:00:00 UTC,0,274.048171465
2019-12-24 00:00:00 UTC,0,300.397421561
2019-05-09 00:00:00 UTC,0,279.520056826
2016-03-14 00:00:00 UTC,0,6.348083726
2017-11-25 00:00:00 UTC,0,177.907866846
2018-05-28 00:00:00 UTC,0,554.991435684
2019-09-11 00:00:00 UTC,0,704.75155603
2019-08-30 00:00:00 UTC,0,389.163660251
2020-10-06 00:00:00 UTC,0,6169.382728122
2015-11-23 00:00:00 UTC,0,2.926428659
2017-04-29 00:00:00 UTC,0,28.341739521
2015-10-30 00:00:00 UTC,0,4.73742579
2016-10-05 00:00:00 UTC,0,45.022605566
2015-12-06 00:00:00 UTC,0,6.634820159
2016-02-25 00:00:00 UTC,0,4.340394377
2016-07-25 00:00:00 UTC,0,12.245845627
2019-02-21 00:00:00 UTC,0,335.398257474
2018-10-30 00:00:00 UTC,0,289.678209904
2018-09-27 00:00:00 UTC,0,433.592670515
2019-06-21 00:00:00 UTC,0,290.039859685
2020-03-01 00:00:00 UTC,0,266.472393685
2020-05-25 00:00:00 UTC,0,1549.716367202
2020-07-30 00:00:00 UTC,0,3459.284098155
2016-02-19 00:00:00 UTC,0,10.472622944
2019-04-29 00:00:00 UTC,0,204.328818499
2018-07-25 00:00:00 UTC,0,300.261148455
2020-03-03 00:00:00 UTC,0,293.061598737
2018-07-29 00:00:00 UTC,0,190.114418331
2018-02-02 00:00:00 UTC,0,597.310369852
2019-07-30 00:00:00 UTC,0,255.016766425
2016-05-17 00:00:00 UTC,0,6.812900826
2017-01-16 00:00:00 UTC,0,11.970910469
2015-12-02 00:00:00 UTC,0,2.463808552
2016-12-17 00:00:00 UTC,0,14.447588275
2019-04-12 00:00:00 UTC,0,261.161229937
2020-02-19 00:00:00 UTC,0,399.900389166
2020-01-19 00:00:00 UTC,0,256.2258955
2019-10-10 00:00:00 UTC,0,392.908780738
2019-08-05 00:00:00 UTC,0,258.771679572
2018-01-24 00:00:00 UTC,0,718.948868669
2020-08-24 00:00:00 UTC,0,5472.802876453
2015-10-17 00:00:00 UTC,0,4.204819939
2015-10-23 00:00:00 UTC,0,5.029052481
2016-06-16 00:00:00 UTC,0,21.22782074
2016-10-14 00:00:00 UTC,0,43.111699467
2016-12-18 00:00:00 UTC,0,10.324431465
2019-09-15 00:00:00 UTC,0,797.837786848
2019-09-12 00:00:00 UTC,0,785.943312878
2019-06-27 00:00:00 UTC,0,550.275123403
2019-11-25 00:00:00 UTC,0,840.535559341
2015-12-20 00:00:00 UTC,0,4.758682509
2016-01-29 00:00:00 UTC,0,5.282739791
2016-12-09 00:00:00 UTC,0,11.42750044
2016-07-24 00:00:00 UTC,0,8.052895579
2017-08-26 00:00:00 UTC,0,169.2723762
2018-02-05 00:00:00 UTC,0,483.549804736
2019-02-22 00:00:00 UTC,0,316.621193391
2018-05-07 00:00:00 UTC,0,293.52155359
2020-06-14 00:00:00 UTC,0,960.922439724
2019-08-20 00:00:00 UTC,0,341.558082066
2020-09-25 00:00:00 UTC,0,5879.228734775
2016-03-05 00:00:00 UTC,0,6.207594146
2015-12-31 00:00:00 UTC,0,2.544675989
2016-10-28 00:00:00 UTC,0,13.301678405
2016-09-25 00:00:00 UTC,0,29.306557745
2016-06-15 00:00:00 UTC,0,9.542498668
2020-02-17 00:00:00 UTC,0,383.348158076
2018-06-15 00:00:00 UTC,0,404.951320697
2019-11-10 00:00:00 UTC,0,327.071234588
2020-07-23 00:00:00 UTC,0,4070.597850446
2017-01-06 00:00:00 UTC,0,10.54067162
2016-04-06 00:00:00 UTC,0,3.295852362
2016-03-11 00:00:00 UTC,0,2.879807235
2018-09-19 00:00:00 UTC,0,513.24991788
2017-10-28 00:00:00 UTC,0,158.926828677
2019-12-05 00:00:00 UTC,0,339.89288456
2019-12-04 00:00:00 UTC,0,398.639425754
2017-12-29 00:00:00 UTC,0,542.377744336
2020-03-22 00:00:00 UTC,0,405.498165403
2019-04-15 00:00:00 UTC,0,246.042717815
2019-08-03 00:00:00 UTC,0,463.602385659
2015-10-10 00:00:00 UTC,0,0.113084913
2018-03-29 00:00:00 UTC,0,256.749141095
2019-09-10 00:00:00 UTC,0,755.607568276
2019-06-30 00:00:00 UTC,0,342.052615346
2019-05-11 00:00:00 UTC,0,259.016096637
2020-10-26 00:00:00 UTC,0,3494.378530674
2016-07-18 00:00:00 UTC,0,8.599651311
2016-01-02 00:00:00 UTC,0,1.469549522
2015-09-20 00:00:00 UTC,0,2.0023896
2016-07-11 00:00:00 UTC,0,10.038702368
2017-05-21 00:00:00 UTC,0,53.300919395
2017-07-25 00:00:00 UTC,0,222.166408367
2019-03-20 00:00:00 UTC,0,260.698284149
2018-07-06 00:00:00 UTC,0,2632.587599253
2018-02-27 00:00:00 UTC,0,382.400641996
2020-02-11 00:00:00 UTC,0,342.028922488
2020-03-21 00:00:00 UTC,0,412.369360074
2020-06-07 00:00:00 UTC,0,1686.032149485
2015-08-25 00:00:00 UTC,0,0.899866053
2016-04-05 00:00:00 UTC,0,12.355605985
2017-02-06 00:00:00 UTC,0,14.042523905
2016-03-22 00:00:00 UTC,0,6.289992456
2015-08-16 00:00:00 UTC,0,0.928330202
2015-09-15 00:00:00 UTC,0,0.613150324
2015-11-01 00:00:00 UTC,0,8.405841522
2016-03-20 00:00:00 UTC,0,17.526396577
2017-08-16 00:00:00 UTC,0,281.462968646
2019-03-02 00:00:00 UTC,0,265.37695883
2019-04-07 00:00:00 UTC,0,236.921827016
2018-01-13 00:00:00 UTC,0,1236.678257032
2018-05-10 00:00:00 UTC,0,543.286651751
2017-01-08 00:00:00 UTC,0,12.890450707
2015-11-25 00:00:00 UTC,0,1.430998509
2017-03-31 00:00:00 UTC,0,28.586803033
2017-09-29 00:00:00 UTC,0,202.879110549
2019-04-23 00:00:00 UTC,0,257.791335294
2019-12-21 00:00:00 UTC,0,278.783743704
2018-02-18 00:00:00 UTC,0,408.187217726
2017-03-11 00:00:00 UTC,0,17.891794051
2017-02-27 00:00:00 UTC,0,19.644762001
2016-12-29 00:00:00 UTC,0,20.347701331
2019-08-17 00:00:00 UTC,0,202.251937917
2019-08-04 00:00:00 UTC,0,187.606957409
2018-11-13 00:00:00 UTC,0,368.738827993
2017-12-08 00:00:00 UTC,0,1456.03958686
2016-10-26 00:00:00 UTC,0,13.259642262
2017-03-12 00:00:00 UTC,0,17.895757232
2016-08-19 00:00:00 UTC,0,5.554258211
2017-06-21 00:00:00 UTC,0,90.964990469
2016-06-07 00:00:00 UTC,0,48.308962603
2017-03-02 00:00:00 UTC,0,21.65026254
2018-12-30 00:00:00 UTC,0,225.777811058
2017-11-14 00:00:00 UTC,0,216.872493262
2018-03-28 00:00:00 UTC,0,250.783611355
2018-04-21 00:00:00 UTC,0,237.305866033
2015-11-14 00:00:00 UTC,0,7.752084918
2015-10-12 00:00:00 UTC,0,1.935545707
2017-03-28 00:00:00 UTC,0,26.831615602
2016-03-23 00:00:00 UTC,0,13.773541218
2018-06-27 00:00:00 UTC,0,249.067460651
2019-07-20 00:00:00 UTC,0,203.059592048
2019-12-13 00:00:00 UTC,0,322.807002253
2019-12-30 00:00:00 UTC,0,289.94591955
2017-03-24 00:00:00 UTC,0,24.066832771
2016-09-20 00:00:00 UTC,0,5.937032656
2016-07-03 00:00:00 UTC,0,12.123495231
2016-12-26 00:00:00 UTC,0,6.177984129
2015-09-25 00:00:00 UTC,0,1.387391781
2017-10-23 00:00:00 UTC,0,166.321792392
2020-02-16 00:00:00 UTC,0,500.326740179
2018-03-04 00:00:00 UTC,0,387.630724295
2018-09-04 00:00:00 UTC,0,262.401495307
2017-12-31 00:00:00 UTC,0,463.772157397
2020-02-20 00:00:00 UTC,0,426.863696052
2019-03-31 00:00:00 UTC,0,274.209555352
2015-08-26 00:00:00 UTC,0,2.271413965
2017-06-01 00:00:00 UTC,0,112.63551788
2016-01-19 00:00:00 UTC,0,19.765065945
2017-10-21 00:00:00 UTC,0,137.533091721
2019-09-25 00:00:00 UTC,0,1314.110821158
2020-01-12 00:00:00 UTC,0,222.509574478
2020-01-27 00:00:00 UTC,0,181.173902661
2020-06-01 00:00:00 UTC,0,1274.676082378
2016-09-11 00:00:00 UTC,0,5.588091112
2016-07-07 00:00:00 UTC,0,8.167364165
2016-08-20 00:00:00 UTC,0,5.386314163
2017-01-26 00:00:00 UTC,0,14.997921944
2017-12-11 00:00:00 UTC,0,1014.389008625
2018-10-25 00:00:00 UTC,0,381.360245401
2020-03-25 00:00:00 UTC,0,448.054130331
2019-12-31 00:00:00 UTC,0,295.346658096
2018-02-11 00:00:00 UTC,0,378.242455265
2019-05-07 00:00:00 UTC,0,348.364909163
2019-07-26 00:00:00 UTC,0,258.042138225
2019-09-02 00:00:00 UTC,0,438.920907922
2020-04-20 00:00:00 UTC,0,509.042298779
2020-09-03 00:00:00 UTC,0,23389.715448189
2016-07-09 00:00:00 UTC,0,31.259847099
2016-04-29 00:00:00 UTC,0,5.27295038
2015-09-10 00:00:00 UTC,0,0.689099343
2016-12-20 00:00:00 UTC,0,24.008245819
2015-12-03 00:00:00 UTC,0,2.219111541
2017-01-30 00:00:00 UTC,0,12.70641261
2019-02-05 00:00:00 UTC,0,188.489386734
2018-05-26 00:00:00 UTC,0,446.294947451
2019-10-28 00:00:00 UTC,0,428.349453126
2018-05-02 00:00:00 UTC,0,316.223844275
2020-03-12 00:00:00 UTC,0,4426.179100717
2017-02-19 00:00:00 UTC,0,14.893118191
2016-01-17 00:00:00 UTC,0,5.045521268
2017-05-14 00:00:00 UTC,0,28.984917393
2018-11-30 00:00:00 UTC,0,630.015058282
2018-06-17 00:00:00 UTC,0,212.00756559
2019-05-03 00:00:00 UTC,0,266.550347475
2016-07-23 00:00:00 UTC,0,12.248175491
2017-11-27 00:00:00 UTC,0,208.182194593
2016-12-31 00:00:00 UTC,0,10.086214562
2018-11-03 00:00:00 UTC,0,265.789545844
2020-07-19 00:00:00 UTC,0,2657.604315081
2020-09-06 00:00:00 UTC,0,7465.067151468
2017-02-18 00:00:00 UTC,0,22.156786685
2016-01-23 00:00:00 UTC,0,3.319501195
2016-02-01 00:00:00 UTC,0,4.468197327
2015-12-09 00:00:00 UTC,0,1.444378204
2016-02-21 00:00:00 UTC,0,4.57863162
2018-09-10 00:00:00 UTC,0,294.932195857
2019-04-27 00:00:00 UTC,0,172.51956475
2019-01-18 00:00:00 UTC,0,257.073601143
2020-04-12 00:00:00 UTC,0,281.892376795
2019-11-02 00:00:00 UTC,0,314.096783896
2018-01-03 00:00:00 UTC,0,646.607839396
2019-07-10 00:00:00 UTC,0,273.621080579
2020-08-09 00:00:00 UTC,0,4121.907172396
2016-08-07 00:00:00 UTC,0,4.814359011
2015-11-17 00:00:00 UTC,0,1.419776535
2017-07-28 00:00:00 UTC,0,155.548526336
2016-11-12 00:00:00 UTC,0,8.131018885
2016-05-05 00:00:00 UTC,0,10.783452432
2018-07-31 00:00:00 UTC,0,228.478008907
2018-06-01 00:00:00 UTC,0,655.800587347
2019-10-25 00:00:00 UTC,0,449.661622253
2015-11-16 00:00:00 UTC,0,1.700682883
2017-04-27 00:00:00 UTC,0,43.905633137
2016-08-17 00:00:00 UTC,0,5.909577662
2016-11-07 00:00:00 UTC,0,4.958162689
2016-10-06 00:00:00 UTC,0,32.723536169
2016-02-24 00:00:00 UTC,0,25.804279264
2018-09-16 00:00:00 UTC,0,268.325518481
2019-03-26 00:00:00 UTC,0,296.655069574
2018-03-22 00:00:00 UTC,0,318.264107623
2018-03-30 00:00:00 UTC,0,238.081425529
2020-01-05 00:00:00 UTC,0,218.397948027
2019-03-07 00:00:00 UTC,0,293.866003919
2019-09-23 00:00:00 UTC,0,1118.778808618
2018-05-25 00:00:00 UTC,0,504.551110837
2020-02-25 00:00:00 UTC,0,387.267112744
2015-08-29 00:00:00 UTC,0,0.575482658
2015-10-25 00:00:00 UTC,0,1.793078749
2016-10-02 00:00:00 UTC,0,54.602284182
2016-10-01 00:00:00 UTC,0,62.277065289
2016-10-17 00:00:00 UTC,0,18.55289291
2015-09-29 00:00:00 UTC,0,0.69873793
2015-11-08 00:00:00 UTC,0,6.190539619
2019-02-27 00:00:00 UTC,0,348.077780625
2018-11-15 00:00:00 UTC,0,484.968854074
2018-09-01 00:00:00 UTC,0,249.328156698
2018-12-24 00:00:00 UTC,0,291.129017934
2019-08-07 00:00:00 UTC,0,267.398528229
2016-02-03 00:00:00 UTC,0,2.632812831
2017-01-24 00:00:00 UTC,0,20.226484124
2015-12-17 00:00:00 UTC,0,5.295780469
2018-11-24 00:00:00 UTC,0,349.808090703
2019-07-03 00:00:00 UTC,0,279.360638037
2019-01-15 00:00:00 UTC,0,250.401335386
2019-05-12 00:00:00 UTC,0,264.254642903
2015-10-04 00:00:00 UTC,0,0.38543905
2017-02-20 00:00:00 UTC,0,18.576790606
2015-09-07 00:00:00 UTC,0,2.036345563
2016-07-28 00:00:00 UTC,0,31.126595538
2016-06-05 00:00:00 UTC,0,6.330235781
2017-07-30 00:00:00 UTC,0,95.320218666
2018-08-23 00:00:00 UTC,0,315.598836428
2018-12-23 00:00:00 UTC,0,253.567662325
2020-05-29 00:00:00 UTC,0,1356.33790028
2020-10-01 00:00:00 UTC,0,5695.360505071
2020-08-30 00:00:00 UTC,0,12063.695159049
2020-08-15 00:00:00 UTC,0,6473.53960497
2016-05-09 00:00:00 UTC,0,6.140925427
2016-06-11 00:00:00 UTC,0,10.318792103
2016-10-19 00:00:00 UTC,0,72.335638528
2018-04-07 00:00:00 UTC,0,165.686102258
2018-10-17 00:00:00 UTC,0,255.962145972
2018-11-29 00:00:00 UTC,0,590.559114753
2018-05-22 00:00:00 UTC,0,564.090666904
2020-06-16 00:00:00 UTC,0,1571.389035887
2020-04-04 00:00:00 UTC,0,276.407457984
2020-10-31 00:00:00 UTC,0,2191.943190052
2020-09-20 00:00:00 UTC,0,7630.539885113
2016-06-30 00:00:00 UTC,0,68.69145534
2016-10-16 00:00:00 UTC,0,15.928740572
2016-03-31 00:00:00 UTC,0,8.348243841
2019-02-02 00:00:00 UTC,0,202.525537059
2020-01-28 00:00:00 UTC,0,204.224992067
2019-06-12 00:00:00 UTC,0,266.715598499
2019-05-28 00:00:00 UTC,0,452.49978504
2017-02-14 00:00:00 UTC,0,22.796925873
2016-08-09 00:00:00 UTC,0,6.793404183
2016-07-12 00:00:00 UTC,0,14.212383098
2016-05-04 00:00:00 UTC,0,6.804496812
2017-03-27 00:00:00 UTC,0,38.675845976
2016-06-14 00:00:00 UTC,0,15.607900406
2017-05-11 00:00:00 UTC,0,37.579812673
2018-10-12 00:00:00 UTC,0,315.868335433
2019-12-20 00:00:00 UTC,0,363.885641005
2020-04-28 00:00:00 UTC,0,452.374769508
2017-04-11 00:00:00 UTC,0,25.148689068
2018-09-08 00:00:00 UTC,0,266.609684754
2018-11-27 00:00:00 UTC,0,373.218850335
2018-12-21 00:00:00 UTC,0,293.173595044
2019-07-04 00:00:00 UTC,0,265.085172595
2018-04-20 00:00:00 UTC,0,308.167014292
2020-05-10 00:00:00 UTC,0,1316.95719315
2020-06-06 00:00:00 UTC,0,1508.143797963
2016-03-09 00:00:00 UTC,0,5.014179065
2016-01-30 00:00:00 UTC,0,4.93068028
2016-04-01 00:00:00 UTC,0,4.040000023
2017-07-05 00:00:00 UTC,0,244.030060986
2018-02-26 00:00:00 UTC,0,352.411382608
2017-12-07 00:00:00 UTC,0,1559.861301876
2019-12-19 00:00:00 UTC,0,353.180474304
2019-09-27 00:00:00 UTC,0,1062.244300768
2019-09-21 00:00:00 UTC,0,992.442352721
2017-10-17 00:00:00 UTC,0,204.098014092
2019-12-29 00:00:00 UTC,0,241.987259617
2018-04-27 00:00:00 UTC,0,342.86171666
2020-03-19 00:00:00 UTC,0,719.027284949
2020-10-12 00:00:00 UTC,0,4190.99923693
2017-02-17 00:00:00 UTC,0,15.656819469
2016-05-22 00:00:00 UTC,0,9.481513016
2016-05-12 00:00:00 UTC,0,9.602753194
2017-08-22 00:00:00 UTC,0,173.264019376
2015-10-22 00:00:00 UTC,0,5.39214062
2017-07-12 00:00:00 UTC,0,139.59029219
2015-09-27 00:00:00 UTC,0,2.244997274
2019-03-23 00:00:00 UTC,0,226.64911744
2017-05-28 00:00:00 UTC,0,91.257618903
2017-07-03 00:00:00 UTC,0,239.215316812
2017-09-11 00:00:00 UTC,0,234.69442528
2020-04-30 00:00:00 UTC,0,974.472012215
2019-09-08 00:00:00 UTC,0,601.752872181
2020-09-10 00:00:00 UTC,0,10709.577418106
2020-11-05 00:00:00 UTC,0,2879.912373531
2015-10-16 00:00:00 UTC,0,11.700752809
2015-11-21 00:00:00 UTC,0,1.578939603
2015-09-05 00:00:00 UTC,0,0.629983414
2016-04-23 00:00:00 UTC,0,3.62579459
2017-07-08 00:00:00 UTC,0,223.822902879
2016-02-23 00:00:00 UTC,0,68.685684043
2016-10-12 00:00:00 UTC,0,31.303434903
2017-09-19 00:00:00 UTC,0,206.508461827
2018-03-03 00:00:00 UTC,0,356.60043111
2018-09-02 00:00:00 UTC,0,228.472666553
2020-01-17 00:00:00 UTC,0,289.888753086
2015-08-21 00:00:00 UTC,0,0.882294663
2016-05-21 00:00:00 UTC,0,13.291168043
2016-01-25 00:00:00 UTC,0,13.930971369
2016-09-14 00:00:00 UTC,0,13.12089928
2017-07-23 00:00:00 UTC,0,159.508977795
2017-10-15 00:00:00 UTC,0,239.907813477
2020-02-14 00:00:00 UTC,0,420.864911164
2018-06-06 00:00:00 UTC,0,464.049041491
2019-05-16 00:00:00 UTC,0,655.340578114
2019-06-22 00:00:00 UTC,0,259.822428251
2020-04-14 00:00:00 UTC,0,395.708877308
2020-04-16 00:00:00 UTC,0,543.431365418
2016-11-17 00:00:00 UTC,0,9.738668277
2019-02-14 00:00:00 UTC,0,242.328650941
2017-08-01 00:00:00 UTC,0,126.723612331
2018-04-13 00:00:00 UTC,0,288.354125694
2019-01-31 00:00:00 UTC,0,284.899141747
2019-03-29 00:00:00 UTC,0,315.884937304
2018-06-25 00:00:00 UTC,0,325.221112233
2020-02-02 00:00:00 UTC,0,224.522392119
2020-05-30 00:00:00 UTC,0,1357.55512995
2015-11-19 00:00:00 UTC,0,6.159730998
2017-01-14 00:00:00 UTC,0,9.70060926
2019-02-15 00:00:00 UTC,0,298.61296196
2018-04-19 00:00:00 UTC,0,312.128063766
2019-11-13 00:00:00 UTC,0,393.137809293
2020-10-21 00:00:00 UTC,0,4280.988480111
2020-08-02 00:00:00 UTC,0,4114.955185528
2020-07-31 00:00:00 UTC,0,3950.940823196
2016-11-16 00:00:00 UTC,0,11.328337028
2019-01-27 00:00:00 UTC,0,182.78100196
2019-05-10 00:00:00 UTC,0,319.299712307
2019-10-12 00:00:00 UTC,0,309.156722555
2018-01-04 00:00:00 UTC,0,689.075396076
2019-06-19 00:00:00 UTC,0,434.719329671
2017-02-23 00:00:00 UTC,0,20.910576051
2016-05-30 00:00:00 UTC,0,11.838116207
2015-09-09 00:00:00 UTC,0,1.07550088
2017-01-23 00:00:00 UTC,0,14.302169932
2019-02-16 00:00:00 UTC,0,260.590114352
2019-02-04 00:00:00 UTC,0,193.422627967
2020-01-25 00:00:00 UTC,0,146.325596824
2018-12-01 00:00:00 UTC,0,445.600051307
2018-03-17 00:00:00 UTC,0,211.706872159
2019-01-22 00:00:00 UTC,0,312.905184095
2019-07-01 00:00:00 UTC,0,622.870086029
2020-03-17 00:00:00 UTC,0,620.86716713
2020-08-04 00:00:00 UTC,0,2910.386060263
2017-04-02 00:00:00 UTC,0,23.677503564
2017-11-02 00:00:00 UTC,0,244.36667475
2017-05-24 00:00:00 UTC,0,134.433277971
2018-07-05 00:00:00 UTC,0,1659.992554327
2017-11-26 00:00:00 UTC,0,239.764410507
2018-08-19 00:00:00 UTC,0,245.291290551
2019-09-09 00:00:00 UTC,0,667.52483813
2020-10-24 00:00:00 UTC,0,1726.671932798
2017-01-02 00:00:00 UTC,0,9.094894003
2016-07-30 00:00:00 UTC,0,5.54557507
2017-02-28 00:00:00 UTC,0,21.417120611
2016-01-03 00:00:00 UTC,0,1.198098146
2017-12-16 00:00:00 UTC,0,906.181379593
2019-01-10 00:00:00 UTC,0,236.013536444
2019-02-24 00:00:00 UTC,0,333.34378012
2019-05-13 00:00:00 UTC,0,327.985642182
2018-09-05 00:00:00 UTC,0,241.59793531
2016-11-30 00:00:00 UTC,0,17.944016188
2017-02-10 00:00:00 UTC,0,20.67494412
2015-12-30 00:00:00 UTC,0,48.683441499
2015-11-07 00:00:00 UTC,0,17.1934141
2017-01-22 00:00:00 UTC,0,15.139847156
2018-01-01 00:00:00 UTC,0,423.699739819
2019-04-04 00:00:00 UTC,0,357.100505123
2020-01-15 00:00:00 UTC,0,324.288781701
2019-06-26 00:00:00 UTC,0,504.95376595
2016-05-23 00:00:00 UTC,0,7.235767118
2016-04-14 00:00:00 UTC,0,13.623258804
2017-02-24 00:00:00 UTC,0,16.678771395
2017-11-10 00:00:00 UTC,0,190.811600694
2018-10-10 00:00:00 UTC,0,300.852231049
2019-08-08 00:00:00 UTC,0,286.954866484
2020-07-17 00:00:00 UTC,0,2413.145744989
2020-08-28 00:00:00 UTC,0,5205.056569184
2015-10-03 00:00:00 UTC,0,0.77719285
2016-05-29 00:00:00 UTC,0,19.183878665
2015-09-26 00:00:00 UTC,0,0.257842634
2019-01-01 00:00:00 UTC,0,194.721241923
2018-06-05 00:00:00 UTC,0,464.003784991
2019-11-12 00:00:00 UTC,0,385.787104789
2016-08-02 00:00:00 UTC,0,8.149138573
2017-06-08 00:00:00 UTC,0,121.801027494
2015-10-27 00:00:00 UTC,0,10.661776259
2016-12-30 00:00:00 UTC,0,26.63229832
2016-10-09 00:00:00 UTC,0,33.525300238
2017-11-18 00:00:00 UTC,0,153.569374138
2018-12-22 00:00:00 UTC,0,229.154747708
2018-12-14 00:00:00 UTC,0,262.479733207
2019-04-17 00:00:00 UTC,0,309.960742179
2017-11-29 00:00:00 UTC,0,242.323526105
2019-12-22 00:00:00 UTC,0,259.31633852
2020-08-10 00:00:00 UTC,0,6308.354724734
2020-10-27 00:00:00 UTC,0,2408.798809429
2016-09-03 00:00:00 UTC,0,4.86036106
2016-10-30 00:00:00 UTC,0,10.725980449
2017-12-20 00:00:00 UTC,0,916.821740779
2019-04-30 00:00:00 UTC,0,215.989500798
2018-07-12 00:00:00 UTC,0,989.509482789
2019-12-06 00:00:00 UTC,0,302.624585634
2018-08-27 00:00:00 UTC,0,229.65431381
2019-08-13 00:00:00 UTC,0,241.140960307
2018-02-06 00:00:00 UTC,0,518.027595954
2016-03-26 00:00:00 UTC,0,19.821814846
2019-02-10 00:00:00 UTC,0,196.369121657
2017-06-23 00:00:00 UTC,0,186.633497824
2017-08-06 00:00:00 UTC,0,117.227366881
2018-10-21 00:00:00 UTC,0,227.867502997
2018-02-03 00:00:00 UTC,0,469.980176504
2020-01-08 00:00:00 UTC,0,348.856240627
2018-01-17 00:00:00 UTC,0,890.140950822
2019-05-26 00:00:00 UTC,0,253.275545069
2020-07-03 00:00:00 UTC,0,2009.52903981
2016-03-01 00:00:00 UTC,0,4.115063532
2015-10-01 00:00:00 UTC,0,0.941263976
2016-05-24 00:00:00 UTC,0,6.228583316
2015-10-20 00:00:00 UTC,0,3.50264548
2015-08-17 00:00:00 UTC,0,1.154033369
2015-08-11 00:00:00 UTC,0,4.238077729
2017-11-11 00:00:00 UTC,0,137.14099588
2018-11-20 00:00:00 UTC,0,495.943212769
2019-05-30 00:00:00 UTC,0,508.260987705
2017-10-29 00:00:00 UTC,0,165.300763362
2019-05-17 00:00:00 UTC,0,548.646054086
2020-04-01 00:00:00 UTC,0,362.419626851
2016-09-13 00:00:00 UTC,0,7.951934391
2016-08-13 00:00:00 UTC,0,4.572804615
2016-02-05 00:00:00 UTC,0,6.920603765
2018-09-12 00:00:00 UTC,0,340.392419748
2018-07-18 00:00:00 UTC,0,334.623992981
2019-08-28 00:00:00 UTC,0,395.288239369
2019-06-16 00:00:00 UTC,0,255.164331463
2019-11-07 00:00:00 UTC,0,521.336870372
2020-04-17 00:00:00 UTC,0,397.059807343
2016-03-04 00:00:00 UTC,0,4.887337298
2017-10-25 00:00:00 UTC,0,201.538480619
2019-11-03 00:00:00 UTC,0,336.519548271
2019-04-18 00:00:00 UTC,0,318.072829939
2019-10-07 00:00:00 UTC,0,349.963114992
2019-10-21 00:00:00 UTC,0,367.743390386
2020-08-01 00:00:00 UTC,0,3202.130120868
2015-12-23 00:00:00 UTC,0,55.604014848
2016-08-29 00:00:00 UTC,0,7.236016126
2016-07-22 00:00:00 UTC,0,15.920727536
2017-05-19 00:00:00 UTC,0,54.132426189
2018-10-27 00:00:00 UTC,0,240.73040261
2019-07-14 00:00:00 UTC,0,274.306186732
2018-06-28 00:00:00 UTC,0,247.296360116
2018-01-06 00:00:00 UTC,0,1497.836434027
2018-11-23 00:00:00 UTC,0,409.345174863
2020-01-20 00:00:00 UTC,0,229.280060168
2017-12-03 00:00:00 UTC,0,253.172808834
2019-10-13 00:00:00 UTC,0,303.323477752
2018-05-11 00:00:00 UTC,0,522.467197048
2020-06-19 00:00:00 UTC,0,1756.094293905
2020-10-02 00:00:00 UTC,0,5150.514062591
2016-11-18 00:00:00 UTC,0,11.475600256
2017-06-22 00:00:00 UTC,0,222.131005405
2017-05-22 00:00:00 UTC,0,68.782543758
2017-07-18 00:00:00 UTC,0,280.925184729
2017-10-04 00:00:00 UTC,0,242.815400976
2020-11-10 00:00:00 UTC,0,64.584961998
2018-09-21 00:00:00 UTC,0,476.543515886
2019-08-19 00:00:00 UTC,0,335.311276582
2020-05-14 00:00:00 UTC,0,1608.595936526
2019-10-26 00:00:00 UTC,0,448.787322417
2020-08-25 00:00:00 UTC,0,6019.524047715
2016-06-25 00:00:00 UTC,0,11.675378514
2015-10-18 00:00:00 UTC,0,4.876232432
2016-01-11 00:00:00 UTC,0,4.28614584
2016-11-03 00:00:00 UTC,0,6.291241534
2017-07-16 00:00:00 UTC,0,148.952098329
2018-10-24 00:00:00 UTC,0,333.774942613
2017-12-19 00:00:00 UTC,0,889.334531704
2018-04-30 00:00:00 UTC,0,404.500608984
2018-11-21 00:00:00 UTC,0,399.114709894
2018-05-01 00:00:00 UTC,0,303.584215301
2018-11-08 00:00:00 UTC,0,345.728271514
2018-08-28 00:00:00 UTC,0,243.716259726
2020-03-13 00:00:00 UTC,0,4106.655585664
2016-05-20 00:00:00 UTC,0,14.83037535
2016-03-08 00:00:00 UTC,0,5.074118189
2017-02-07 00:00:00 UTC,0,24.215773404
2016-09-26 00:00:00 UTC,0,68.435818286
2016-09-22 00:00:00 UTC,0,43.249963968
2017-04-06 00:00:00 UTC,0,27.918135449
2016-10-11 00:00:00 UTC,0,19.268423754
2018-11-25 00:00:00 UTC,0,409.044101115
2018-10-19 00:00:00 UTC,0,292.476584436
2017-12-09 00:00:00 UTC,0,1395.490187805
2018-02-14 00:00:00 UTC,0,363.622025792
2019-05-06 00:00:00 UTC,0,277.613023208
2018-09-25 00:00:00 UTC,0,359.592328347
2019-08-16 00:00:00 UTC,0,272.422728051
2019-07-19 00:00:00 UTC,0,464.600190279
2020-05-02 00:00:00 UTC,0,379.022000424
2016-04-22 00:00:00 UTC,0,4.66251138
2016-09-19 00:00:00 UTC,0,6.806950909
2015-12-01 00:00:00 UTC,0,2.750237348
2018-02-08 00:00:00 UTC,0,347.68859072
2018-01-28 00:00:00 UTC,0,492.851788694
2020-01-10 00:00:00 UTC,0,334.716780019
2020-05-27 00:00:00 UTC,0,1517.556155215
2017-03-14 00:00:00 UTC,0,38.682100893
2016-06-13 00:00:00 UTC,0,16.697728497
2016-05-07 00:00:00 UTC,0,4.338540829
2019-02-07 00:00:00 UTC,0,208.006550678
2017-11-17 00:00:00 UTC,0,226.406122576
2019-10-06 00:00:00 UTC,0,307.348862984
2019-05-18 00:00:00 UTC,0,416.479062469
2019-07-28 00:00:00 UTC,0,181.797204305
2020-03-09 00:00:00 UTC,0,619.36311342
2020-03-26 00:00:00 UTC,0,431.753474872
2016-01-28 00:00:00 UTC,0,3.129237534
2017-02-08 00:00:00 UTC,0,22.525426659
2016-05-08 00:00:00 UTC,0,5.679176759
2017-03-04 00:00:00 UTC,0,15.814014475
2017-06-30 00:00:00 UTC,0,174.999933914
2018-12-09 00:00:00 UTC,0,240.507825803
2018-08-29 00:00:00 UTC,0,277.114551172
2018-06-19 00:00:00 UTC,0,318.11357041
2019-09-03 00:00:00 UTC,0,442.380365001
2019-11-18 00:00:00 UTC,0,409.111639523
2018-06-09 00:00:00 UTC,0,316.285117952
2020-02-24 00:00:00 UTC,0,312.362528504
2020-10-15 00:00:00 UTC,0,4154.987870317
2017-07-13 00:00:00 UTC,0,197.671302115
2016-01-01 00:00:00 UTC,0,1.454503258
2016-08-30 00:00:00 UTC,0,9.984806896
2018-04-16 00:00:00 UTC,0,223.328133482
2018-12-27 00:00:00 UTC,0,236.164475984
2018-07-08 00:00:00 UTC,0,966.784449477
2020-03-02 00:00:00 UTC,0,271.631918597
2016-10-27 00:00:00 UTC,0,10.883011162
2015-11-12 00:00:00 UTC,0,11.922975853
2016-04-16 00:00:00 UTC,0,2.133599696
2015-10-19 00:00:00 UTC,0,2.832788084
2016-06-19 00:00:00 UTC,0,32.265804388
2016-11-29 00:00:00 UTC,0,81.446789784
2017-05-12 00:00:00 UTC,0,32.207306096
2017-12-10 00:00:00 UTC,0,1339.927508698
2018-11-26 00:00:00 UTC,0,398.280356564
2018-02-10 00:00:00 UTC,0,444.838106471
2018-07-11 00:00:00 UTC,0,689.947974129
2020-01-26 00:00:00 UTC,0,149.883015758
2019-12-12 00:00:00 UTC,0,345.333029649
2019-08-10 00:00:00 UTC,0,235.087901585
2020-05-20 00:00:00 UTC,0,1538.208168948
2016-02-06 00:00:00 UTC,0,193.495041727
2016-05-02 00:00:00 UTC,0,5.005052826
2017-06-14 00:00:00 UTC,0,107.605130059
2018-03-25 00:00:00 UTC,0,241.052722625
2020-03-05 00:00:00 UTC,0,339.559804444
2019-07-25 00:00:00 UTC,0,606.928612477
2016-07-02 00:00:00 UTC,0,5.824960103
2018-10-16 00:00:00 UTC,0,231.702271687
2018-06-30 00:00:00 UTC,0,1519.549269768
2019-04-24 00:00:00 UTC,0,237.956905989
2020-06-02 00:00:00 UTC,0,1467.913285999
2017-01-20 00:00:00 UTC,0,12.071653736
2015-12-05 00:00:00 UTC,0,2.838220888
2017-09-22 00:00:00 UTC,0,189.03122379
2016-11-19 00:00:00 UTC,0,7.269190156
2017-07-17 00:00:00 UTC,0,143.99269298
2019-05-08 00:00:00 UTC,0,281.116585707
2019-07-11 00:00:00 UTC,0,582.218317734
2020-05-15 00:00:00 UTC,0,1266.203548993
2020-08-07 00:00:00 UTC,0,3858.950782384
2016-01-20 00:00:00 UTC,0,3.457965973
2016-09-05 00:00:00 UTC,0,6.908365136
2016-05-11 00:00:00 UTC,0,9.110059107
2016-08-10 00:00:00 UTC,0,8.910032353
2016-05-25 00:00:00 UTC,0,10.393329271
2016-03-28 00:00:00 UTC,0,4.605777928
2019-11-27 00:00:00 UTC,0,460.881965907
2019-05-20 00:00:00 UTC,0,419.483016123
2020-10-10 00:00:00 UTC,0,3436.4768193
2020-09-05 00:00:00 UTC,0,17211.423886736
2016-09-06 00:00:00 UTC,0,10.467569848
2017-02-25 00:00:00 UTC,0,19.862043667
2016-12-08 00:00:00 UTC,0,12.130353157
2016-12-28 00:00:00 UTC,0,13.305587993
2017-04-12 00:00:00 UTC,0,46.150028466
2017-04-16 00:00:00 UTC,0,21.826389611
2018-06-22 00:00:00 UTC,0,354.322966909
2020-05-16 00:00:00 UTC,0,997.082555471
2020-05-31 00:00:00 UTC,0,1147.200105097
2019-10-30 00:00:00 UTC,0,463.250752807
2016-10-29 00:00:00 UTC,0,9.166243624
2016-09-23 00:00:00 UTC,0,20.206565854
2016-07-08 00:00:00 UTC,0,20.840533304
2015-11-30 00:00:00 UTC,0,10.945282091
2016-11-22 00:00:00 UTC,0,12.827152985
2016-12-22 00:00:00 UTC,0,18.232931887
2017-04-15 00:00:00 UTC,0,21.825336972
2018-10-14 00:00:00 UTC,0,194.602710417
2018-03-08 00:00:00 UTC,0,363.870943168
2020-02-15 00:00:00 UTC,0,398.73517122
2019-05-04 00:00:00 UTC,0,205.561298645
2016-12-05 00:00:00 UTC,0,11.751756275
2015-08-10 00:00:00 UTC,0,2.866881139
2016-12-11 00:00:00 UTC,0,17.998954331
2016-05-01 00:00:00 UTC,0,14.126754121
2017-07-02 00:00:00 UTC,0,173.878056802
2017-07-07 00:00:00 UTC,0,175.769165563
2017-06-27 00:00:00 UTC,0,125.243844243
2018-02-28 00:00:00 UTC,0,478.542470467
2018-07-26 00:00:00 UTC,0,268.163232977
2020-01-24 00:00:00 UTC,0,194.184576656
2018-05-27 00:00:00 UTC,0,398.280318162
2018-12-29 00:00:00 UTC,0,222.646620779
2018-02-07 00:00:00 UTC,0,443.467976232
2018-08-25 00:00:00 UTC,0,213.632857616
2020-02-09 00:00:00 UTC,0,293.501227168
2018-04-26 00:00:00 UTC,0,322.809597889
2020-07-09 00:00:00 UTC,0,2125.147727122
2015-11-18 00:00:00 UTC,0,2.223228332
2017-04-23 00:00:00 UTC,0,25.399211205
2016-11-02 00:00:00 UTC,0,6.484175512
2016-10-10 00:00:00 UTC,0,26.02417045
2017-10-22 00:00:00 UTC,0,117.461537066
2019-07-21 00:00:00 UTC,0,194.774412969
2018-08-10 00:00:00 UTC,0,558.229168653
2018-05-31 00:00:00 UTC,0,776.360847741
2019-07-29 00:00:00 UTC,0,244.233181548
2016-01-14 00:00:00 UTC,0,4.64929952
2017-09-24 00:00:00 UTC,0,319.557811445
2018-08-31 00:00:00 UTC,0,305.653004589
2018-01-29 00:00:00 UTC,0,575.794230967
2019-02-28 00:00:00 UTC,0,380.714731515
2018-05-12 00:00:00 UTC,0,366.030724777
2020-05-28 00:00:00 UTC,0,1580.15932071
2016-02-11 00:00:00 UTC,0,13.057199143
2015-12-14 00:00:00 UTC,0,3.228099101
2016-01-07 00:00:00 UTC,0,40.47337761
2020-01-04 00:00:00 UTC,0,222.729085261
2018-03-02 00:00:00 UTC,0,527.601266589
2019-12-08 00:00:00 UTC,0,226.28698425
2018-09-26 00:00:00 UTC,0,409.462036618
2019-05-05 00:00:00 UTC,0,223.102551021
2019-09-18 00:00:00 UTC,0,1064.035278561
2020-10-07 00:00:00 UTC,0,4738.748837544
2020-07-20 00:00:00 UTC,0,3451.76921152
2016-05-15 00:00:00 UTC,0,8.827857583
2017-07-10 00:00:00 UTC,0,113.431671769
2017-05-17 00:00:00 UTC,0,56.945150491
2017-04-10 00:00:00 UTC,0,27.899654132
2017-04-07 00:00:00 UTC,0,33.776417755
2018-09-09 00:00:00 UTC,0,287.584810022
2019-03-12 00:00:00 UTC,0,246.263620894
2018-08-03 00:00:00 UTC,0,232.104889008
2018-05-18 00:00:00 UTC,0,549.197327924
2020-03-23 00:00:00 UTC,0,472.92993118
2019-05-14 00:00:00 UTC,0,388.523132568
2020-06-11 00:00:00 UTC,0,1696.831900224
2020-09-22 00:00:00 UTC,0,9049.170722901
2017-03-22 00:00:00 UTC,0,24.867043288
2016-02-08 00:00:00 UTC,0,10.658763166
2016-12-03 00:00:00 UTC,0,7.495332538
2017-07-20 00:00:00 UTC,0,130.294610504
2016-01-05 00:00:00 UTC,0,22.154850156
2016-11-28 00:00:00 UTC,0,101.134560142
2018-02-20 00:00:00 UTC,0,453.963899086
2020-04-03 00:00:00 UTC,0,378.604948203
2019-09-06 00:00:00 UTC,0,581.769223402
2020-09-30 00:00:00 UTC,0,6677.38743165
2016-09-21 00:00:00 UTC,0,8.446490744
2016-08-23 00:00:00 UTC,0,47.348170011
2015-12-10 00:00:00 UTC,0,2.497756803
2018-12-20 00:00:00 UTC,0,306.046794317
2018-04-22 00:00:00 UTC,0,241.762107724
2019-04-19 00:00:00 UTC,0,260.401231918
2019-10-27 00:00:00 UTC,0,359.169052504
2020-06-24 00:00:00 UTC,0,2307.424493686
2016-05-16 00:00:00 UTC,0,5.629751388
2017-06-02 00:00:00 UTC,0,172.887361679
2017-07-09 00:00:00 UTC,0,122.718799472
2017-11-13 00:00:00 UTC,0,195.47807096
2017-09-06 00:00:00 UTC,0,462.074270456
2018-07-13 00:00:00 UTC,0,1241.88553406
2019-03-21 00:00:00 UTC,0,385.075979513
2018-06-11 00:00:00 UTC,0,319.600497976
2020-01-22 00:00:00 UTC,0,194.952820093
2019-01-21 00:00:00 UTC,0,242.987201751
2019-11-08 00:00:00 UTC,0,410.945482486
2019-06-18 00:00:00 UTC,0,340.619699233
2018-01-18 00:00:00 UTC,0,1005.913089374
2017-05-16 00:00:00 UTC,0,47.163327891
2016-02-26 00:00:00 UTC,0,26.317148982
2016-11-25 00:00:00 UTC,0,40.054373004
2019-02-12 00:00:00 UTC,0,224.742185806
2019-08-11 00:00:00 UTC,0,212.248774254
2018-05-24 00:00:00 UTC,0,516.640399702
2018-08-22 00:00:00 UTC,0,454.810373424
2018-07-02 00:00:00 UTC,0,4061.376711175
2020-08-03 00:00:00 UTC,0,3637.272251464
2020-09-13 00:00:00 UTC,0,7279.038578426
2017-05-04 00:00:00 UTC,0,38.482255911
2017-05-27 00:00:00 UTC,0,82.485803639
2019-05-15 00:00:00 UTC,0,482.283701849
2019-11-01 00:00:00 UTC,0,401.322069548
2020-02-03 00:00:00 UTC,0,253.263124757
2020-04-05 00:00:00 UTC,0,272.53737723
2016-07-01 00:00:00 UTC,0,26.924888063
2016-05-31 00:00:00 UTC,0,11.677249846
2017-06-15 00:00:00 UTC,0,108.988754745
2016-08-24 00:00:00 UTC,0,7.638692141
2015-08-14 00:00:00 UTC,0,2.275725792
2016-05-03 00:00:00 UTC,0,6.18326366
2017-06-26 00:00:00 UTC,0,140.289034433
2017-03-03 00:00:00 UTC,0,16.383848282
2018-10-08 00:00:00 UTC,0,316.202525856
2019-09-04 00:00:00 UTC,0,433.342567859
2020-05-13 00:00:00 UTC,0,1355.195615771
2019-06-20 00:00:00 UTC,0,628.045069742
2016-04-21 00:00:00 UTC,0,13.147075426
2016-07-19 00:00:00 UTC,0,9.823153286
2017-05-09 00:00:00 UTC,0,39.287548671
2016-07-10 00:00:00 UTC,0,9.704187013
2018-11-28 00:00:00 UTC,0,499.920290531
2020-07-10 00:00:00 UTC,0,1682.196991089
2017-12-30 00:00:00 UTC,0,484.115193242
2020-09-29 00:00:00 UTC,0,8571.923584331
2020-07-06 00:00:00 UTC,0,1808.379454744
2015-10-09 00:00:00 UTC,0,0.5655773
2018-10-23 00:00:00 UTC,0,281.003524065
2018-11-19 00:00:00 UTC,0,489.048425928
2017-01-09 00:00:00 UTC,0,14.411175199
2016-04-07 00:00:00 UTC,0,3.378767006
2016-02-09 00:00:00 UTC,0,6.194551081
2016-12-06 00:00:00 UTC,0,12.389287976
2016-12-12 00:00:00 UTC,0,11.440872088
2017-03-09 00:00:00 UTC,0,21.993665027
2018-09-13 00:00:00 UTC,0,333.832108164
2018-03-24 00:00:00 UTC,0,272.811141545
2018-08-20 00:00:00 UTC,0,234.971374569
2019-06-11 00:00:00 UTC,0,469.396550869
2020-04-22 00:00:00 UTC,0,500.163992804
2016-06-27 00:00:00 UTC,0,9.832503142
2018-10-07 00:00:00 UTC,0,218.528989258
2019-08-21 00:00:00 UTC,0,407.162882012
2020-04-19 00:00:00 UTC,0,390.567519133
2020-04-27 00:00:00 UTC,0,497.42256285
2020-09-28 00:00:00 UTC,0,6807.37813467
2020-09-14 00:00:00 UTC,0,12128.155788943
2016-07-06 00:00:00 UTC,0,12.221059918
2017-03-16 00:00:00 UTC,0,34.837959641
2016-12-16 00:00:00 UTC,0,11.520191934
2016-02-12 00:00:00 UTC,0,3.202905795
2016-10-04 00:00:00 UTC,0,47.390367325
2017-04-05 00:00:00 UTC,0,29.764598134
2017-03-07 00:00:00 UTC,0,17.688087702
2019-12-28 00:00:00 UTC,0,246.724466164
2018-01-05 00:00:00 UTC,0,1176.109079838
2018-03-13 00:00:00 UTC,0,262.83375268
2018-07-23 00:00:00 UTC,0,387.610266692
2018-02-24 00:00:00 UTC,0,449.884991306
2018-08-05 00:00:00 UTC,0,159.456772513
2018-08-11 00:00:00 UTC,0,286.731235877
2018-11-05 00:00:00 UTC,0,348.659000475
2020-10-03 00:00:00 UTC,0,4178.488693483
2020-03-06 00:00:00 UTC,0,310.442508505
2019-10-23 00:00:00 UTC,0,536.337297355
2017-05-02 00:00:00 UTC,0,54.214525845
2017-08-18 00:00:00 UTC,0,299.512449004
2017-09-05 00:00:00 UTC,0,328.461388045
2015-12-22 00:00:00 UTC,0,1.380666202
2017-01-15 00:00:00 UTC,0,11.158044173
2016-09-24 00:00:00 UTC,0,40.537802057
2019-07-12 00:00:00 UTC,0,284.464887237
2017-11-03 00:00:00 UTC,0,186.732249023
2019-10-16 00:00:00 UTC,0,369.049900008
2020-08-11 00:00:00 UTC,0,6683.739423421
2016-08-06 00:00:00 UTC,0,4.370289449
2017-07-29 00:00:00 UTC,0,95.154839704
2016-03-21 00:00:00 UTC,0,7.952552235
2017-04-09 00:00:00 UTC,0,23.574460027
2017-05-26 00:00:00 UTC,0,89.573746483
2017-11-12 00:00:00 UTC,0,172.244685107
2018-01-10 00:00:00 UTC,0,1663.296680502
2017-11-20 00:00:00 UTC,0,249.726038291
2019-10-29 00:00:00 UTC,0,449.554135022
2015-11-15 00:00:00 UTC,0,1.0694841
2016-09-02 00:00:00 UTC,0,22.017276639
2020-02-21 00:00:00 UTC,0,267.479638858
2019-04-16 00:00:00 UTC,0,296.262822229
2019-07-13 00:00:00 UTC,0,216.031955291
2019-07-06 00:00:00 UTC,0,363.920097665
2019-03-16 00:00:00 UTC,0,180.378785941
2019-06-01 00:00:00 UTC,0,405.309902929
2020-02-26 00:00:00 UTC,0,741.048106858
2020-06-18 00:00:00 UTC,0,1525.790832729
2020-08-08 00:00:00 UTC,0,3457.358619695
2016-10-08 00:00:00 UTC,0,36.235356956
2015-09-19 00:00:00 UTC,0,1.561805386
2015-09-21 00:00:00 UTC,0,1.737864688
2019-01-25 00:00:00 UTC,0,222.714286925
2019-08-31 00:00:00 UTC,0,350.193871541
2018-06-10 00:00:00 UTC,0,316.18938357
2020-03-15 00:00:00 UTC,0,421.670267822
2016-11-24 00:00:00 UTC,0,38.548067789
2016-02-20 00:00:00 UTC,0,3.446550886
2017-04-17 00:00:00 UTC,0,25.57761474
2017-05-31 00:00:00 UTC,0,113.92754717
2019-04-28 00:00:00 UTC,0,183.252859495
2020-01-07 00:00:00 UTC,0,281.449383577
2018-12-04 00:00:00 UTC,0,467.157629814
2018-11-04 00:00:00 UTC,0,252.351621948
2018-01-14 00:00:00 UTC,0,1133.600766578
2019-06-29 00:00:00 UTC,0,344.072921404
2019-12-03 00:00:00 UTC,0,349.9453939
2016-10-25 00:00:00 UTC,0,21.000230254
2016-09-10 00:00:00 UTC,0,5.619262099
2015-10-07 00:00:00 UTC,0,2.37835184
2016-09-07 00:00:00 UTC,0,12.087544559
2016-08-16 00:00:00 UTC,0,8.092980376
2016-04-19 00:00:00 UTC,0,2.042387521
2016-08-08 00:00:00 UTC,0,7.380758864
2019-03-17 00:00:00 UTC,0,180.394810722
2018-02-12 00:00:00 UTC,0,361.126721428
2019-12-07 00:00:00 UTC,0,255.253456322
2018-12-08 00:00:00 UTC,0,237.19660198
2020-06-05 00:00:00 UTC,0,1288.623548917
2020-08-19 00:00:00 UTC,0,7779.057142168
