f0_,f1_
2016-10-25 00:00:00 UTC,630943779135680248
2020-08-27 00:00:00 UTC,17710413474196193570
2015-12-16 00:00:00 UTC,42658064251311421
2015-12-10 00:00:00 UTC,39983052254030779
2016-03-08 00:00:00 UTC,87756912562800310
2018-10-06 00:00:00 UTC,20237730125132976157
2020-09-28 00:00:00 UTC,20772212708969791562
2016-08-24 00:00:00 UTC,396427495884643868
2020-10-15 00:00:00 UTC,21940538529943148893
2017-05-14 00:00:00 UTC,2186613851302861671
2016-04-21 00:00:00 UTC,184921798827347544
2019-05-26 00:00:00 UTC,12952094950983222860
2017-01-13 00:00:00 UTC,618878036987665856
2018-12-13 00:00:00 UTC,13529468581843965019
2020-06-25 00:00:00 UTC,15514039848241062843
2017-05-09 00:00:00 UTC,2073511101196543957
2016-01-13 00:00:00 UTC,42435321715210984
2018-10-13 00:00:00 UTC,19741170902964349107
2016-12-06 00:00:00 UTC,433581504091778560
2016-11-29 00:00:00 UTC,413233689063388070
2018-05-19 00:00:00 UTC,18210936316569580849
2017-05-22 00:00:00 UTC,2532245017293518520
2016-08-21 00:00:00 UTC,383918210673166501
2019-03-18 00:00:00 UTC,11992088167560505437
2016-07-06 00:00:00 UTC,347346922271295767
2018-04-14 00:00:00 UTC,18533907840210123360
2017-06-12 00:00:00 UTC,3541947826818610870
2017-02-26 00:00:00 UTC,897537584201532887
2018-05-29 00:00:00 UTC,18183865157762112605
2016-09-16 00:00:00 UTC,440594087022843621
2016-12-07 00:00:00 UTC,447234225507169650
2015-12-19 00:00:00 UTC,43924374127659701
2016-05-11 00:00:00 UTC,206042150787206879
2017-03-04 00:00:00 UTC,949796772929164653
2019-07-02 00:00:00 UTC,14063509483401114772
2017-08-01 00:00:00 UTC,6566705526866285275
2016-04-26 00:00:00 UTC,187448613717546601
2017-03-03 00:00:00 UTC,962270884597939720
2017-06-14 00:00:00 UTC,3774909635294995685
2016-05-22 00:00:00 UTC,243718843389557307
2016-10-22 00:00:00 UTC,627017184414647680
2017-04-21 00:00:00 UTC,1709457583345806008
2016-09-10 00:00:00 UTC,418306303654111954
2016-10-14 00:00:00 UTC,559214260842206298
2019-05-14 00:00:00 UTC,12977837464467657454
2017-04-25 00:00:00 UTC,1759122610464148224
2019-01-23 00:00:00 UTC,13739397419009637965
2020-08-08 00:00:00 UTC,16425387425612277776
2018-05-31 00:00:00 UTC,18348770674869424714
2016-02-28 00:00:00 UTC,74113574674954967
2020-06-20 00:00:00 UTC,15243885816131955484
2019-03-10 00:00:00 UTC,12272131646701715428
2017-05-04 00:00:00 UTC,1900440242356661260
2015-10-05 00:00:00 UTC,31479516899287622
2018-07-29 00:00:00 UTC,21380391512855879864
2019-07-30 00:00:00 UTC,14601667495825597792
2020-08-17 00:00:00 UTC,16519362264121025353
2020-08-14 00:00:00 UTC,17405319114397651594
2020-10-25 00:00:00 UTC,21766350903421303791
2016-06-29 00:00:00 UTC,329135270092723300
2015-12-17 00:00:00 UTC,44194511046872973
2017-11-25 00:00:00 UTC,9686416240329206181
2016-01-18 00:00:00 UTC,47950433997604656
2015-08-07 00:00:00 UTC,7632181758286557
2019-02-03 00:00:00 UTC,11438695519913492164
2016-09-18 00:00:00 UTC,404310534504457948
2019-06-15 00:00:00 UTC,12802500592220076389
2018-02-25 00:00:00 UTC,18138980877600734535
2017-04-11 00:00:00 UTC,1526805154316626142
2018-08-27 00:00:00 UTC,20769785542729595434
2019-09-12 00:00:00 UTC,14984960277430615649
2017-05-25 00:00:00 UTC,2501392959994920012
2018-03-10 00:00:00 UTC,18661567510065939219
2017-10-26 00:00:00 UTC,8847717484693656123
2018-05-23 00:00:00 UTC,18391035637189324286
2015-12-02 00:00:00 UTC,37714030803337264
2016-09-13 00:00:00 UTC,430139755487675517
2020-10-05 00:00:00 UTC,21020049958151909608
2018-10-14 00:00:00 UTC,19910837476310829904
2018-01-25 00:00:00 UTC,14819936084295126644
2018-10-18 00:00:00 UTC,19885206020177396608
2017-10-19 00:00:00 UTC,9113760621835169391
2019-03-06 00:00:00 UTC,12232741225057740092
2015-09-17 00:00:00 UTC,29042352431424219
2017-06-19 00:00:00 UTC,4136335753790192789
2020-05-09 00:00:00 UTC,14690024206019903244
2017-12-15 00:00:00 UTC,9954420265246096534
2018-07-22 00:00:00 UTC,19990625885884021574
2018-12-03 00:00:00 UTC,14610674781059604809
2019-09-29 00:00:00 UTC,15734029737872583948
2019-06-03 00:00:00 UTC,13045591271451516689
2017-09-21 00:00:00 UTC,8767622766380270825
2017-02-12 00:00:00 UTC,766219250003205444
2016-01-22 00:00:00 UTC,49554356066618409
2020-10-20 00:00:00 UTC,21776603741270386371
2019-01-14 00:00:00 UTC,14823078498021557947
2017-02-03 00:00:00 UTC,672803218698705419
2015-10-27 00:00:00 UTC,34147935602908257
2018-08-07 00:00:00 UTC,20952374124635272131
2016-12-10 00:00:00 UTC,491985761188703593
2020-02-15 00:00:00 UTC,14341045414241291358
2019-01-16 00:00:00 UTC,14489156123105925779
2019-02-16 00:00:00 UTC,11791265327417102593
2016-04-18 00:00:00 UTC,178766875613623894
2017-03-20 00:00:00 UTC,1209611693781464179
2020-05-22 00:00:00 UTC,14346587155804212538
2018-12-22 00:00:00 UTC,13434409357861772786
2018-03-15 00:00:00 UTC,18589397891133373642
2018-12-12 00:00:00 UTC,13720204829661478998
2018-09-10 00:00:00 UTC,19348429653687035937
2019-04-23 00:00:00 UTC,11936942977993794538
2020-04-30 00:00:00 UTC,14518223744837219938
2016-08-07 00:00:00 UTC,325592149540927842
2016-08-04 00:00:00 UTC,316348737042867872
2020-09-22 00:00:00 UTC,20486433559296192426
2019-06-21 00:00:00 UTC,12803200422554326531
2016-08-14 00:00:00 UTC,361433026946959810
2020-09-18 00:00:00 UTC,20074956318156104497
2017-03-07 00:00:00 UTC,991946195724404975
2016-04-23 00:00:00 UTC,186789206878631339
2016-05-30 00:00:00 UTC,260658432825508637
2020-04-09 00:00:00 UTC,14346614385667016981
2017-06-18 00:00:00 UTC,4116776403506607358
2015-08-25 00:00:00 UTC,26368247270417105
2020-05-04 00:00:00 UTC,15298772305167663031
2015-10-01 00:00:00 UTC,29451518002446261
2019-11-15 00:00:00 UTC,14987961486316568256
2017-07-05 00:00:00 UTC,5099435810864507918
2017-02-01 00:00:00 UTC,670343183915736015
2017-11-17 00:00:00 UTC,8749051391136699620
2020-06-26 00:00:00 UTC,15519684146099509131
2015-09-12 00:00:00 UTC,34340848216367675
2015-08-20 00:00:00 UTC,17983696353748725
2019-01-04 00:00:00 UTC,14396748025902743396
2016-04-13 00:00:00 UTC,163867765084878514
2016-03-09 00:00:00 UTC,89137338548074908
2019-05-01 00:00:00 UTC,12410166686644113793
2016-03-05 00:00:00 UTC,84638767232775484
2019-10-06 00:00:00 UTC,15436031306394099511
2018-01-16 00:00:00 UTC,12158045021331862347
2016-04-02 00:00:00 UTC,139612495456601202
2016-05-12 00:00:00 UTC,211077315896612261
2017-06-23 00:00:00 UTC,4310693546218749621
2017-05-03 00:00:00 UTC,1917718841454182557
2018-09-24 00:00:00 UTC,19832943060216156871
2019-10-28 00:00:00 UTC,15021881423802463010
2017-10-06 00:00:00 UTC,8294739371526603797
2016-08-28 00:00:00 UTC,415194902855473232
2019-09-19 00:00:00 UTC,15350015917645498309
2019-11-30 00:00:00 UTC,14439881715307970744
2020-08-02 00:00:00 UTC,16312804795987909638
2017-02-09 00:00:00 UTC,730188043855400525
2020-04-04 00:00:00 UTC,14216055264322064463
2020-08-26 00:00:00 UTC,17975505462669216306
2020-02-20 00:00:00 UTC,14704910845042637120
2019-06-02 00:00:00 UTC,13740237531639217469
2017-03-24 00:00:00 UTC,1247640911290948385
2017-12-09 00:00:00 UTC,9028764130788951833
2019-05-24 00:00:00 UTC,12828792541786634553
2020-05-13 00:00:00 UTC,14584557070427330323
2018-09-19 00:00:00 UTC,19413951754252199265
2019-03-29 00:00:00 UTC,11409663790268466134
2017-12-23 00:00:00 UTC,10659144249408319864
2016-02-02 00:00:00 UTC,52890412303595875
2018-01-20 00:00:00 UTC,13882731511402667696
2017-09-22 00:00:00 UTC,8817649058577340427
2019-08-20 00:00:00 UTC,14441178247368727261
2019-12-30 00:00:00 UTC,12779856977017332752
2020-02-07 00:00:00 UTC,13603375313398648410
2019-06-28 00:00:00 UTC,13608664728360657540
2019-07-01 00:00:00 UTC,13926545767648171122
2016-08-10 00:00:00 UTC,356336425904018056
2020-01-29 00:00:00 UTC,13649017304989504558
2015-09-22 00:00:00 UTC,33457959264153732
2019-10-03 00:00:00 UTC,15192647993552124037
2020-03-10 00:00:00 UTC,14861215684895688921
2018-01-18 00:00:00 UTC,12672183528006464730
2018-07-24 00:00:00 UTC,19921823901693053095
2017-12-14 00:00:00 UTC,9345557209976473426
2017-12-04 00:00:00 UTC,8681429930006350851
2019-12-09 00:00:00 UTC,14108509519677276024
2019-07-03 00:00:00 UTC,13671153404723290603
2017-07-31 00:00:00 UTC,6469356697525596688
2019-08-13 00:00:00 UTC,14922089541596038450
2016-02-11 00:00:00 UTC,60196738752325922
2016-12-16 00:00:00 UTC,511138593932442942
2018-05-20 00:00:00 UTC,18663535844323429745
2018-04-11 00:00:00 UTC,18760116844428762062
2019-10-01 00:00:00 UTC,15742562130386233365
2019-04-30 00:00:00 UTC,12366795094672016303
2017-01-01 00:00:00 UTC,488240256031229244
2017-08-15 00:00:00 UTC,7166328425115025328
2017-11-18 00:00:00 UTC,8637223140533900465
2020-04-23 00:00:00 UTC,14602234871246143809
2016-09-04 00:00:00 UTC,396743502567064811
2017-09-18 00:00:00 UTC,8364829225674584244
2015-08-24 00:00:00 UTC,26848552287872654
2020-02-04 00:00:00 UTC,13810088529706394377
2016-04-04 00:00:00 UTC,153646280200566533
2019-11-24 00:00:00 UTC,14735748231138003954
2018-06-22 00:00:00 UTC,19955869072800789756
2020-03-17 00:00:00 UTC,13888936117902380215
2019-07-29 00:00:00 UTC,14217447056307896848
2015-11-18 00:00:00 UTC,43389442563042120
2018-03-30 00:00:00 UTC,19072566787557271351
2017-10-22 00:00:00 UTC,9293662851389448797
2016-06-13 00:00:00 UTC,299005452322019081
2019-12-12 00:00:00 UTC,14304574523811833804
2017-07-29 00:00:00 UTC,6238591159454228751
2019-07-06 00:00:00 UTC,14008001858023872960
2019-08-25 00:00:00 UTC,14230229231626416147
2018-10-15 00:00:00 UTC,19598242939929832367
2017-01-06 00:00:00 UTC,551846540942505504
2015-10-17 00:00:00 UTC,30357240714850565
2019-01-11 00:00:00 UTC,14983853717188636564
2020-03-18 00:00:00 UTC,14240888832099490090
2016-08-31 00:00:00 UTC,419393640901137074
2016-07-04 00:00:00 UTC,348452549824827615
2017-12-30 00:00:00 UTC,10822296838021440623
2018-03-18 00:00:00 UTC,19374612587920570507
2016-12-14 00:00:00 UTC,496602329899913234
2019-08-29 00:00:00 UTC,14480256155709245031
2020-02-26 00:00:00 UTC,14712076809791522153
2019-07-27 00:00:00 UTC,14535876869486979257
2017-12-13 00:00:00 UTC,9126481508551005869
2016-05-02 00:00:00 UTC,196267807445675040
2018-07-04 00:00:00 UTC,20060539039924909679
2016-07-21 00:00:00 UTC,367779237344777585
2020-04-03 00:00:00 UTC,14525356546486283201
2020-05-12 00:00:00 UTC,14506633800319254896
2016-11-07 00:00:00 UTC,370054072762786933
2018-11-26 00:00:00 UTC,16359471663819370100
2019-12-24 00:00:00 UTC,12862016663634409901
2015-12-11 00:00:00 UTC,40801227023963703
2017-03-21 00:00:00 UTC,1189201595488888499
2018-01-10 00:00:00 UTC,10861978111155916740
2016-12-05 00:00:00 UTC,441899501081152959
2016-12-12 00:00:00 UTC,485187299252166007
2019-01-10 00:00:00 UTC,14890851063656212462
2020-10-26 00:00:00 UTC,21002757314356575520
2020-10-27 00:00:00 UTC,21556094507453869414
2016-10-15 00:00:00 UTC,575304234517522475
2018-11-06 00:00:00 UTC,18273409726209070154
2016-03-30 00:00:00 UTC,138007477534632603
2018-03-08 00:00:00 UTC,18960922734395871301
2015-12-06 00:00:00 UTC,38577440928668007
2016-09-11 00:00:00 UTC,433685393873122600
2020-06-16 00:00:00 UTC,15144339912273269634
2020-10-22 00:00:00 UTC,21803703643497704092
2018-12-25 00:00:00 UTC,14657638272995328686
2019-09-09 00:00:00 UTC,14434272219562410923
2016-03-17 00:00:00 UTC,109711786729481078
2019-03-12 00:00:00 UTC,11961028363012209466
2019-10-31 00:00:00 UTC,15334085297769493408
2019-07-23 00:00:00 UTC,14235999918926169858
2018-03-20 00:00:00 UTC,19554085166021300245
2020-05-18 00:00:00 UTC,14552898222806849374
2018-04-07 00:00:00 UTC,19573870215747231678
2018-06-24 00:00:00 UTC,20318034496836039179
2020-04-21 00:00:00 UTC,14367928009964515791
2020-10-30 00:00:00 UTC,21760934565089220934
2015-09-24 00:00:00 UTC,35293699761496807
2017-09-12 00:00:00 UTC,8558169643280986580
2019-06-29 00:00:00 UTC,14088159762360202082
2018-12-09 00:00:00 UTC,13956292678020359622
2020-02-17 00:00:00 UTC,14397853766738767939
2020-08-21 00:00:00 UTC,17709187763147352470
2020-02-23 00:00:00 UTC,14796887577332385917
2017-08-21 00:00:00 UTC,7556274247393812722
2018-02-26 00:00:00 UTC,17586184969178069334
2016-07-17 00:00:00 UTC,359396112492336303
2016-10-07 00:00:00 UTC,411547673668478185
2019-05-28 00:00:00 UTC,12928929339426925429
2016-07-09 00:00:00 UTC,345490363374191281
2016-01-16 00:00:00 UTC,46435095040014363
2016-07-10 00:00:00 UTC,353473986988437323
2016-12-24 00:00:00 UTC,462029916637844444
2020-03-16 00:00:00 UTC,14296060906118161914
2017-10-05 00:00:00 UTC,8745928657381413092
2020-10-31 00:00:00 UTC,21862715706474885488
2016-05-08 00:00:00 UTC,208538057806163434
2016-02-08 00:00:00 UTC,58518638169195581
2016-03-24 00:00:00 UTC,120806467890869077
2018-02-13 00:00:00 UTC,17725362089138414192
2016-08-17 00:00:00 UTC,369330494712519675
2017-08-24 00:00:00 UTC,7649142331306699678
2017-03-29 00:00:00 UTC,1395083909537977641
2017-07-09 00:00:00 UTC,5456221743284682263
2020-01-05 00:00:00 UTC,13242841073286857060
2019-09-11 00:00:00 UTC,14561828443420253346
2018-01-05 00:00:00 UTC,10324494828757964957
2017-05-06 00:00:00 UTC,1983098068725657220
2018-12-08 00:00:00 UTC,13908063212413363991
2017-11-26 00:00:00 UTC,9582798715022862854
2018-07-10 00:00:00 UTC,20235241079190505623
2017-02-21 00:00:00 UTC,848755270543303467
2016-05-20 00:00:00 UTC,241768243104819428
2017-02-18 00:00:00 UTC,809951276322756429
2016-05-15 00:00:00 UTC,223246121580742621
2019-03-30 00:00:00 UTC,10938748579759204295
2020-07-10 00:00:00 UTC,15322662562115913641
2016-05-13 00:00:00 UTC,223244039111539562
2018-03-13 00:00:00 UTC,18631279615075722115
2018-01-06 00:00:00 UTC,10285700273015689051
2015-10-30 00:00:00 UTC,38866488637288138
2017-01-27 00:00:00 UTC,674549754938393309
2017-10-17 00:00:00 UTC,8656304668247004614
2018-02-14 00:00:00 UTC,17303505402701955783
2018-11-28 00:00:00 UTC,14461108240532876011
2019-02-22 00:00:00 UTC,12332514795908729144
2017-11-02 00:00:00 UTC,8856884613045893071
2018-07-07 00:00:00 UTC,20517984000915353806
2020-05-24 00:00:00 UTC,14772740747781966050
2018-02-11 00:00:00 UTC,17571711205134199008
2018-08-28 00:00:00 UTC,20590832289795621454
2017-05-11 00:00:00 UTC,2105530363386074051
2019-06-25 00:00:00 UTC,13435933554098833810
2018-01-24 00:00:00 UTC,14663864250064131702
2020-10-28 00:00:00 UTC,21786263508991949625
2019-05-12 00:00:00 UTC,12692157868474320944
2017-05-08 00:00:00 UTC,1995592022316942231
2017-03-30 00:00:00 UTC,1400566429958509376
2018-03-16 00:00:00 UTC,19372050800796789389
2017-06-28 00:00:00 UTC,4713254295141692607
2016-10-26 00:00:00 UTC,638760884900505319
2019-03-27 00:00:00 UTC,11374475314282532636
2019-07-16 00:00:00 UTC,13896963306825334772
2019-07-10 00:00:00 UTC,14062656462211928591
2020-05-06 00:00:00 UTC,14707672836105191811
2020-11-05 00:00:00 UTC,21508195881409687466
2019-10-25 00:00:00 UTC,14844847799860035605
2018-06-19 00:00:00 UTC,19930041233411330730
2019-08-01 00:00:00 UTC,13869312448265363013
2018-07-03 00:00:00 UTC,20075423018968870417
2016-09-26 00:00:00 UTC,440814906223322472
2016-03-29 00:00:00 UTC,135307544728692316
2017-05-02 00:00:00 UTC,1883488643784288828
2016-04-24 00:00:00 UTC,183042674516678647
2020-04-05 00:00:00 UTC,14408284729576022298
2017-07-24 00:00:00 UTC,5968093945985030904
2018-10-29 00:00:00 UTC,18649784840367784478
2015-08-23 00:00:00 UTC,25758553942348582
2018-10-20 00:00:00 UTC,19442072591258344050
2020-02-22 00:00:00 UTC,14872204098206374297
2018-05-01 00:00:00 UTC,17506753527364733695
2020-10-11 00:00:00 UTC,21504370291773898945
2017-09-14 00:00:00 UTC,8356790882788450883
2019-05-09 00:00:00 UTC,12304644441625721363
2018-07-17 00:00:00 UTC,20322283671762427309
2015-09-23 00:00:00 UTC,35614611912005277
2018-04-13 00:00:00 UTC,18278296577413731454
2019-02-14 00:00:00 UTC,11514347753303334807
2019-02-11 00:00:00 UTC,11705954410276590164
2020-02-25 00:00:00 UTC,14528115673467333550
2016-07-28 00:00:00 UTC,338634866154475029
2019-06-20 00:00:00 UTC,12987702792759035460
2020-04-13 00:00:00 UTC,14418625848472600568
2018-07-16 00:00:00 UTC,20159859178391772623
2015-08-14 00:00:00 UTC,15517309551089011
2020-05-21 00:00:00 UTC,14445877942519172988
2019-01-28 00:00:00 UTC,12724082536646826823
2020-06-29 00:00:00 UTC,15326801652874973167
2020-06-23 00:00:00 UTC,15141372941438357362
2018-09-17 00:00:00 UTC,19091726363327110556
2018-02-24 00:00:00 UTC,17403308819668868768
2015-11-20 00:00:00 UTC,37649918890394344
2016-11-13 00:00:00 UTC,401030681012291335
2019-12-06 00:00:00 UTC,13972103882475705821
2019-04-03 00:00:00 UTC,11334670457829775949
2016-01-08 00:00:00 UTC,42973224613942002
2016-02-13 00:00:00 UTC,61612087487346235
2020-06-11 00:00:00 UTC,14735001028989167188
2018-11-24 00:00:00 UTC,16870369244312103223
2017-09-24 00:00:00 UTC,8654208709175173373
2020-09-26 00:00:00 UTC,20890035850971053125
2019-11-21 00:00:00 UTC,14907044663758859847
2018-07-06 00:00:00 UTC,20523527919714903040
2016-05-17 00:00:00 UTC,221367720347671807
2016-05-07 00:00:00 UTC,204102996195780935
2016-07-02 00:00:00 UTC,339841538489843315
2016-06-04 00:00:00 UTC,270716559988352598
2017-12-25 00:00:00 UTC,11178679674595343448
2016-10-13 00:00:00 UTC,502556189294700597
2017-11-01 00:00:00 UTC,9245609786050947453
2020-04-28 00:00:00 UTC,13986726676513183256
2016-11-17 00:00:00 UTC,390400460668644745
2018-04-25 00:00:00 UTC,18206302836281095932
2020-09-16 00:00:00 UTC,19789384669800259925
2016-08-30 00:00:00 UTC,411091898551249155
2019-08-11 00:00:00 UTC,14764639919367112151
2016-08-16 00:00:00 UTC,372728519734545531
2016-03-11 00:00:00 UTC,94624439087776123
2020-07-17 00:00:00 UTC,15239058606473131426
2020-07-19 00:00:00 UTC,15640950769605729873
2016-12-02 00:00:00 UTC,432937824186564500
2017-10-02 00:00:00 UTC,8131447878964761733
2015-11-02 00:00:00 UTC,38633304655352039
2020-07-09 00:00:00 UTC,15453152985811093252
2018-01-14 00:00:00 UTC,12201572659908021090
2020-11-04 00:00:00 UTC,21804443615432915827
2020-11-03 00:00:00 UTC,21830756227463807010
2016-07-31 00:00:00 UTC,328475253958425997
2016-11-26 00:00:00 UTC,409823996876330426
2020-09-20 00:00:00 UTC,20798205151817576423
2018-12-28 00:00:00 UTC,14483431741697158352
2018-08-30 00:00:00 UTC,20284858858007075431
2020-10-12 00:00:00 UTC,21278497390254747555
2017-11-21 00:00:00 UTC,9084810891881807771
2017-10-13 00:00:00 UTC,8762655216270937839
2016-01-03 00:00:00 UTC,42675887532510406
2018-05-05 00:00:00 UTC,18613446174094398991
2018-05-16 00:00:00 UTC,18551418561224413292
2015-11-28 00:00:00 UTC,38665619335879460
2016-05-05 00:00:00 UTC,204487842415915256
2017-05-23 00:00:00 UTC,2431596751954401617
2018-02-23 00:00:00 UTC,17586659504942540500
2016-11-01 00:00:00 UTC,428295495036401905
2017-01-25 00:00:00 UTC,661227376119865775
2019-02-05 00:00:00 UTC,11583594393205295630
2016-06-01 00:00:00 UTC,253640462850774173
2019-08-28 00:00:00 UTC,13983357838019491622
2019-11-10 00:00:00 UTC,15143725120850518508
2020-06-13 00:00:00 UTC,14868164868365111441
2019-11-11 00:00:00 UTC,14915593846171168034
2018-01-29 00:00:00 UTC,15353936834218795718
2020-08-25 00:00:00 UTC,17732981921930732946
2019-09-08 00:00:00 UTC,14620357157215824745
2019-02-07 00:00:00 UTC,11478959912368681589
2016-11-09 00:00:00 UTC,405798429177649102
2016-05-06 00:00:00 UTC,205233038307330346
2019-04-28 00:00:00 UTC,12043872980528538237
2016-07-26 00:00:00 UTC,333928925489707340
2016-04-28 00:00:00 UTC,193104757824160614
2017-03-11 00:00:00 UTC,1051256091058964708
2019-04-16 00:00:00 UTC,12155887043905119777
2015-09-15 00:00:00 UTC,31078489846160765
2020-10-03 00:00:00 UTC,20495421783525000471
2015-11-09 00:00:00 UTC,38956589945870853
2017-02-08 00:00:00 UTC,729498762087777816
2016-10-10 00:00:00 UTC,522103921910422663
2017-07-11 00:00:00 UTC,5488196620184584785
2020-01-01 00:00:00 UTC,12229901581910721291
2020-06-30 00:00:00 UTC,15278742555230412760
2017-09-19 00:00:00 UTC,8637449736263912244
2016-04-30 00:00:00 UTC,204209182201020523
2018-12-15 00:00:00 UTC,13589373817125268817
2018-11-13 00:00:00 UTC,18483204391018660697
2018-06-07 00:00:00 UTC,17828925806557295982
2019-08-03 00:00:00 UTC,14439295319751023518
2016-05-09 00:00:00 UTC,210830480196791611
2016-03-28 00:00:00 UTC,130586305334656459
2016-07-23 00:00:00 UTC,370433251569750819
2019-04-11 00:00:00 UTC,12094372586359398734
2017-02-25 00:00:00 UTC,863104723594497719
2017-03-05 00:00:00 UTC,995711289848981072
2015-11-14 00:00:00 UTC,40570809252431026
2017-10-21 00:00:00 UTC,9162454804590062090
2015-09-16 00:00:00 UTC,30623663284951425
2017-01-21 00:00:00 UTC,655132231254261956
2019-05-07 00:00:00 UTC,12440581272523758726
2018-01-13 00:00:00 UTC,11547486866652272793
2016-04-03 00:00:00 UTC,146624710258981492
2020-01-21 00:00:00 UTC,13780326906986224507
2017-09-15 00:00:00 UTC,8555807480996461023
2018-07-08 00:00:00 UTC,19670290984893432367
2018-09-13 00:00:00 UTC,18311935934798238074
2019-12-13 00:00:00 UTC,14348948776824647259
2016-04-12 00:00:00 UTC,156964004073473693
2017-06-03 00:00:00 UTC,2997342525888125009
2018-12-27 00:00:00 UTC,14726307604436256720
2019-03-31 00:00:00 UTC,11046413463656085400
2015-12-27 00:00:00 UTC,43098358683752297
2016-11-10 00:00:00 UTC,373064348693226720
2018-12-07 00:00:00 UTC,14096992091447361240
2016-06-22 00:00:00 UTC,313113409535396232
2016-11-03 00:00:00 UTC,366012647663152480
2020-03-22 00:00:00 UTC,13604265447347076960
2020-06-15 00:00:00 UTC,14879053784503419980
2018-05-10 00:00:00 UTC,18638897174898849560
2017-06-27 00:00:00 UTC,4652726355861273125
2016-01-15 00:00:00 UTC,45736476806676082
2019-01-20 00:00:00 UTC,14969297788926612889
2016-01-09 00:00:00 UTC,42998852059102365
2016-03-19 00:00:00 UTC,113439649700567229
2017-07-16 00:00:00 UTC,5690302446249086905
2017-12-18 00:00:00 UTC,10311875963832769814
2017-08-20 00:00:00 UTC,7450016817086561119
2020-02-02 00:00:00 UTC,13677884568385769159
2019-01-19 00:00:00 UTC,14986471414637478037
2020-10-13 00:00:00 UTC,21829799679969530587
2015-09-04 00:00:00 UTC,28744744166534913
2017-09-01 00:00:00 UTC,7864396325988272437
2020-04-15 00:00:00 UTC,14591442771316701908
2018-04-27 00:00:00 UTC,18012158080894661957
2017-10-16 00:00:00 UTC,8754261391051087404
2020-04-08 00:00:00 UTC,14341475482531913393
2016-03-31 00:00:00 UTC,143837887730914157
2016-04-25 00:00:00 UTC,192422919991559992
2020-07-13 00:00:00 UTC,15873862071106983501
2018-05-15 00:00:00 UTC,18701418806370516850
2018-07-26 00:00:00 UTC,20652418606874416727
2019-09-07 00:00:00 UTC,14642356411210298443
2017-04-01 00:00:00 UTC,1416600580839464758
2016-03-12 00:00:00 UTC,98726628534900722
2020-06-07 00:00:00 UTC,15299545338893214789
2015-10-10 00:00:00 UTC,29530625682252268
2015-10-02 00:00:00 UTC,30764046736201788
2017-04-18 00:00:00 UTC,1657139315680813527
2016-02-23 00:00:00 UTC,68490634162535408
2019-12-14 00:00:00 UTC,14615719507034002569
2019-10-26 00:00:00 UTC,15266874453065353934
2019-12-19 00:00:00 UTC,13009946148558149179
2016-08-05 00:00:00 UTC,323295274814993990
2015-12-20 00:00:00 UTC,42247134913407453
2017-07-14 00:00:00 UTC,5323865828893302434
2019-02-17 00:00:00 UTC,11536154545096541622
2018-04-05 00:00:00 UTC,19083824052004745851
2019-10-05 00:00:00 UTC,15380039059447207104
2020-06-02 00:00:00 UTC,14910683706426526885
2017-12-01 00:00:00 UTC,9478159944048010035
2017-10-11 00:00:00 UTC,8737380522173398745
2016-06-08 00:00:00 UTC,279276127365046020
2017-03-02 00:00:00 UTC,925820403243509883
2016-08-11 00:00:00 UTC,364805063253424389
2016-02-10 00:00:00 UTC,57841932633857016
2017-02-22 00:00:00 UTC,838671019870336784
2016-02-14 00:00:00 UTC,62359406024159845
2020-03-21 00:00:00 UTC,14353916861465269822
2018-09-02 00:00:00 UTC,20406944304595530295
2016-03-18 00:00:00 UTC,109106863603559856
2018-08-13 00:00:00 UTC,20554423472586485015
2016-02-05 00:00:00 UTC,56394727836886532
2015-11-06 00:00:00 UTC,39039258287570379
2016-11-30 00:00:00 UTC,419932139902550232
2015-12-14 00:00:00 UTC,42870855102480010
2016-12-01 00:00:00 UTC,425867918351440899
2016-07-29 00:00:00 UTC,329716885958636467
2020-02-09 00:00:00 UTC,13722265667691456220
2015-10-13 00:00:00 UTC,32469983030771771
2018-09-21 00:00:00 UTC,18934049495501651702
2015-12-09 00:00:00 UTC,38279693781488402
2018-05-22 00:00:00 UTC,18613699200021682009
2020-08-20 00:00:00 UTC,17373535370283895773
2016-12-04 00:00:00 UTC,452747028708415268
2020-03-31 00:00:00 UTC,14197129037521603586
2017-01-07 00:00:00 UTC,570764159276453530
2017-02-14 00:00:00 UTC,782846911449707517
2017-03-06 00:00:00 UTC,994362151820751113
2018-01-08 00:00:00 UTC,10847419418801941873
2019-02-08 00:00:00 UTC,11675962921748186482
2016-05-31 00:00:00 UTC,258727341262960295
2020-08-24 00:00:00 UTC,17766745977150667134
2018-12-23 00:00:00 UTC,13495081542621671043
2019-12-29 00:00:00 UTC,12887650630411171767
2017-04-10 00:00:00 UTC,1473894934802067230
2016-06-12 00:00:00 UTC,287285752204215308
2018-09-07 00:00:00 UTC,20102168621683398082
2019-05-13 00:00:00 UTC,12491611628722603643
2019-06-13 00:00:00 UTC,12829913944233910525
2017-08-16 00:00:00 UTC,7138569358761666300
2020-07-07 00:00:00 UTC,15255623095335452878
2015-10-18 00:00:00 UTC,29541029118819073
2020-10-01 00:00:00 UTC,20970842094035989848
2015-10-25 00:00:00 UTC,33578835416391611
2020-09-15 00:00:00 UTC,20336528989955395037
2017-10-20 00:00:00 UTC,9031477778672973275
2019-04-01 00:00:00 UTC,11618635692769995197
2020-06-10 00:00:00 UTC,14510076166877141967
2019-06-11 00:00:00 UTC,13016092159047335386
2020-07-24 00:00:00 UTC,15943814095523690080
2020-02-06 00:00:00 UTC,13645069967710538587
2017-11-07 00:00:00 UTC,8771267862262179313
2016-06-18 00:00:00 UTC,269037415674244677
2018-05-27 00:00:00 UTC,18113950565737299552
2019-04-15 00:00:00 UTC,12394482742495076679
2017-02-24 00:00:00 UTC,843007913826124405
2016-09-23 00:00:00 UTC,452442079734121805
2017-07-25 00:00:00 UTC,6224765229348092988
2015-08-17 00:00:00 UTC,20896204516495513
2018-02-01 00:00:00 UTC,15404838439172191928
2016-05-28 00:00:00 UTC,257033549196369198
2015-11-26 00:00:00 UTC,37038202144987528
2019-05-17 00:00:00 UTC,13623643917870931110
2018-11-19 00:00:00 UTC,17974855283967874502
2017-09-10 00:00:00 UTC,8184089600450051707
2018-04-30 00:00:00 UTC,18295710263148218592
2018-03-19 00:00:00 UTC,19595259546356512323
2015-10-29 00:00:00 UTC,36312753066651354
2017-05-12 00:00:00 UTC,2157177539605035244
2020-05-11 00:00:00 UTC,14583185401886116846
2017-10-18 00:00:00 UTC,8787797133295736282
2018-04-09 00:00:00 UTC,18518340740578656470
2018-01-23 00:00:00 UTC,14150995102261512174
2015-11-24 00:00:00 UTC,38330495632443922
2019-01-09 00:00:00 UTC,15168851691620713146
2020-08-09 00:00:00 UTC,16926461687394918555
2016-02-04 00:00:00 UTC,56257966097582465
2020-04-07 00:00:00 UTC,14264639983239603226
2017-09-03 00:00:00 UTC,7963773620311021138
2019-08-26 00:00:00 UTC,14294104769345547984
2019-01-07 00:00:00 UTC,15155830499697105547
2018-06-25 00:00:00 UTC,19242195104219410797
2018-06-16 00:00:00 UTC,19334805802269379156
2016-11-27 00:00:00 UTC,389541121854922214
2017-09-16 00:00:00 UTC,8481568042703425464
2020-02-28 00:00:00 UTC,14864962138458441727
2017-07-21 00:00:00 UTC,5928482803348540566
2017-08-25 00:00:00 UTC,7657708064190952860
2019-08-23 00:00:00 UTC,14311226485568142407
2018-11-25 00:00:00 UTC,16658941091200322879
2020-10-24 00:00:00 UTC,22339468366508919420
2017-09-09 00:00:00 UTC,8266523628009528717
2020-01-19 00:00:00 UTC,13587094138572267998
2019-04-14 00:00:00 UTC,12391686564063926218
2015-08-16 00:00:00 UTC,18637536165280339
2019-11-03 00:00:00 UTC,15218803811597726053
2016-07-13 00:00:00 UTC,364253430903367823
2018-03-09 00:00:00 UTC,18613403589585616622
2019-08-27 00:00:00 UTC,13821563877354049851
2020-04-25 00:00:00 UTC,14225498932177430914
2019-06-14 00:00:00 UTC,12850921260945522772
2020-01-31 00:00:00 UTC,13352977192787205015
2019-03-04 00:00:00 UTC,12048446983108679433
2017-05-27 00:00:00 UTC,2574103280476419311
2015-08-04 00:00:00 UTC,6530640865625827
2019-04-21 00:00:00 UTC,12128109724470313718
2018-08-05 00:00:00 UTC,21163115009734960575
2016-07-27 00:00:00 UTC,317314529752414900
2016-04-14 00:00:00 UTC,165850026616104810
2018-09-08 00:00:00 UTC,20039458706413959549
2020-07-23 00:00:00 UTC,15392395462799205391
2018-07-30 00:00:00 UTC,21245716072516297364
2017-07-02 00:00:00 UTC,5045117000573340855
2015-09-29 00:00:00 UTC,28105790816278836
2018-07-02 00:00:00 UTC,20111825718134004393
2016-12-20 00:00:00 UTC,549295330778069720
2019-05-23 00:00:00 UTC,12980936390683749133
2019-05-22 00:00:00 UTC,13209174114612218994
2017-12-29 00:00:00 UTC,10823006266485248911
2018-04-19 00:00:00 UTC,18001476872433691808
2016-03-10 00:00:00 UTC,93560621996330201
2020-09-05 00:00:00 UTC,19289106296568025678
2017-06-06 00:00:00 UTC,3203423788672675037
2019-03-21 00:00:00 UTC,11862405562235028593
2017-04-24 00:00:00 UTC,1688905121147209478
2020-03-11 00:00:00 UTC,14679559896181630099
2017-03-17 00:00:00 UTC,1165730357933339610
2017-07-04 00:00:00 UTC,5216396358462069259
2019-05-25 00:00:00 UTC,13157421758807638098
2020-07-27 00:00:00 UTC,15791045868248953018
2016-08-22 00:00:00 UTC,391701985142543995
2019-12-02 00:00:00 UTC,14386701298108209511
2016-06-16 00:00:00 UTC,298854829267754551
2019-12-05 00:00:00 UTC,14122741278042494566
2019-10-21 00:00:00 UTC,15213454518172572199
2018-12-04 00:00:00 UTC,14897107381175767864
2016-01-05 00:00:00 UTC,42575849029125625
2020-07-15 00:00:00 UTC,15417598897379794293
2016-08-09 00:00:00 UTC,347906564774558022
2020-02-01 00:00:00 UTC,13278134192130242019
2017-06-08 00:00:00 UTC,3337170740794580699
2018-02-20 00:00:00 UTC,17051735653315667979
2020-10-16 00:00:00 UTC,21700255629129247057
2016-02-16 00:00:00 UTC,63798577475463433
2018-05-25 00:00:00 UTC,18048858058925531568
2015-11-29 00:00:00 UTC,38993518723032193
2018-10-22 00:00:00 UTC,18890161700909893233
2018-06-14 00:00:00 UTC,18891399975973312273
2015-10-22 00:00:00 UTC,27726255130086687
2017-01-19 00:00:00 UTC,660036483129837447
2016-08-01 00:00:00 UTC,324531651006082553
2017-03-15 00:00:00 UTC,1102213181726874097
2018-02-15 00:00:00 UTC,17255474022311994309
2016-06-28 00:00:00 UTC,338740949037809258
2019-04-13 00:00:00 UTC,12307280252751486756
2018-01-31 00:00:00 UTC,15453255593172237256
2015-12-13 00:00:00 UTC,44733526241142865
2016-09-14 00:00:00 UTC,441878342413263923
2016-05-23 00:00:00 UTC,242517851017223707
2019-10-07 00:00:00 UTC,15266847243906256894
2017-11-11 00:00:00 UTC,9010340920305975110
2017-10-01 00:00:00 UTC,8201488174892104147
2016-09-01 00:00:00 UTC,422798587696924992
2017-03-19 00:00:00 UTC,1135659023077581189
2018-01-02 00:00:00 UTC,11067196741834031785
2018-06-09 00:00:00 UTC,18532619761580751244
2018-12-05 00:00:00 UTC,14435408828667199392
2016-03-02 00:00:00 UTC,76238675674404353
2019-11-13 00:00:00 UTC,15424359148311150337
2018-04-03 00:00:00 UTC,18778828523083547180
2017-02-04 00:00:00 UTC,684777765817989383
2016-10-21 00:00:00 UTC,622843414641006096
2019-09-10 00:00:00 UTC,14442022737926966051
2017-01-22 00:00:00 UTC,659936680473553278
2019-10-29 00:00:00 UTC,15072362946462472344
2019-12-11 00:00:00 UTC,14085467059760856853
2016-11-06 00:00:00 UTC,312670077194242360
2020-02-19 00:00:00 UTC,15175189178775688455
2016-01-31 00:00:00 UTC,52110627564869956
2017-02-13 00:00:00 UTC,774062781372662470
2020-07-05 00:00:00 UTC,15438702550876916070
2016-10-19 00:00:00 UTC,533275018236040028
2017-03-10 00:00:00 UTC,1029548232616873079
2016-11-15 00:00:00 UTC,418075412607400025
2020-09-12 00:00:00 UTC,20287257875230835908
2018-05-26 00:00:00 UTC,18604637749065654050
2020-01-07 00:00:00 UTC,13765526026361507061
2017-08-28 00:00:00 UTC,7351360888500590020
2016-11-24 00:00:00 UTC,402809754603371376
2016-08-29 00:00:00 UTC,409841364052666081
2015-08-01 00:00:00 UTC,4696236340499697
2017-10-10 00:00:00 UTC,8492807996436456817
2018-04-15 00:00:00 UTC,18633416098817062760
2016-03-13 00:00:00 UTC,104495674996987669
2015-08-19 00:00:00 UTC,22946423129313370
2017-03-09 00:00:00 UTC,1030840677609138522
2017-01-10 00:00:00 UTC,595292215981944480
2020-11-09 00:00:00 UTC,21867680804168854086
2018-02-22 00:00:00 UTC,17508568659564446427
2019-10-19 00:00:00 UTC,15780925443349516890
2020-03-20 00:00:00 UTC,14096512535067612792
2016-08-12 00:00:00 UTC,361028708912028690
2017-06-15 00:00:00 UTC,3863368803512430700
2017-12-05 00:00:00 UTC,8256225626229168331
2018-08-08 00:00:00 UTC,21392783426531800508
2019-06-19 00:00:00 UTC,13131728630781109147
2019-10-02 00:00:00 UTC,15285277585892613130
2020-05-08 00:00:00 UTC,14751400440181288438
2018-05-06 00:00:00 UTC,18856433434518513991
2018-07-25 00:00:00 UTC,20505968614205833419
2018-05-07 00:00:00 UTC,19417597735530093314
2015-10-16 00:00:00 UTC,28394165347335486
2019-11-29 00:00:00 UTC,14259338040949827070
2020-04-01 00:00:00 UTC,14341445164611081159
2016-12-19 00:00:00 UTC,536255678398893339
2018-02-18 00:00:00 UTC,17974869784719505291
2020-09-06 00:00:00 UTC,19844176899391502454
2018-05-21 00:00:00 UTC,19004373201272250505
2017-07-23 00:00:00 UTC,6128029777772504500
2020-03-23 00:00:00 UTC,13926745552732751917
2018-04-02 00:00:00 UTC,19487874184714186518
2016-09-19 00:00:00 UTC,403129762530506274
2018-05-12 00:00:00 UTC,19374190268049881868
2017-08-11 00:00:00 UTC,6732821853754675123
2019-09-01 00:00:00 UTC,14263266929730274226
2017-12-03 00:00:00 UTC,9102290282575313871
2020-10-29 00:00:00 UTC,22206613849190784109
2016-08-23 00:00:00 UTC,395534990221705517
2019-09-17 00:00:00 UTC,15576089005639139163
2016-07-24 00:00:00 UTC,361634266416675147
2018-03-12 00:00:00 UTC,18581084328811921741
2020-06-28 00:00:00 UTC,15270720314749634869
2020-04-06 00:00:00 UTC,13799632403775827498
2020-06-24 00:00:00 UTC,15315461432218517910
2017-06-22 00:00:00 UTC,4313241114145467268
2018-12-06 00:00:00 UTC,14797905180501174296
2017-11-10 00:00:00 UTC,9006427423133243645
2019-11-17 00:00:00 UTC,15083922313273718390
2017-01-03 00:00:00 UTC,486087902606535577
2020-08-15 00:00:00 UTC,17672001877193325660
2016-10-01 00:00:00 UTC,441039218583235335
2020-06-19 00:00:00 UTC,15156102640318406791
2016-06-10 00:00:00 UTC,276580452807131495
2019-01-02 00:00:00 UTC,14378941918181529894
2020-09-07 00:00:00 UTC,19832150790694428075
2017-01-23 00:00:00 UTC,671988335049787324
2020-01-09 00:00:00 UTC,13158452258432783736
2019-05-05 00:00:00 UTC,12504441636364990766
2018-11-23 00:00:00 UTC,16916523244882403519
2020-04-29 00:00:00 UTC,14605169934322400398
2017-08-07 00:00:00 UTC,6632146947497779746
2016-07-22 00:00:00 UTC,355010449996285977
2018-07-01 00:00:00 UTC,19621173538284629939
2017-02-20 00:00:00 UTC,824580006273419386
2020-05-19 00:00:00 UTC,14323832637827445901
2019-03-17 00:00:00 UTC,12199153087792037268
2019-08-19 00:00:00 UTC,14541244809573039799
2020-01-08 00:00:00 UTC,13413888305591665151
2020-01-15 00:00:00 UTC,13747028732765619728
2018-12-26 00:00:00 UTC,15060264847754065986
2018-09-27 00:00:00 UTC,19926009682251840627
2016-06-14 00:00:00 UTC,299579022901536736
2020-10-14 00:00:00 UTC,21447351663252183820
2020-01-06 00:00:00 UTC,13381738694600301575
2017-07-01 00:00:00 UTC,4972116075739552228
2019-03-19 00:00:00 UTC,11607874129815353568
2019-08-16 00:00:00 UTC,14743691791874570611
2016-04-16 00:00:00 UTC,173834359370101505
2018-10-23 00:00:00 UTC,19120002455762878059
2019-07-14 00:00:00 UTC,14746415096057343397
2015-11-22 00:00:00 UTC,38035877379765656
2018-09-28 00:00:00 UTC,20035874370531293970
2020-09-19 00:00:00 UTC,20473114648709535524
2017-03-08 00:00:00 UTC,1026018894409626301
2019-03-14 00:00:00 UTC,11897260055617433729
2016-01-23 00:00:00 UTC,49568319552564764
2017-09-07 00:00:00 UTC,7994376087221931108
2020-11-10 00:00:00 UTC,274449995876971926
2018-06-26 00:00:00 UTC,19329528755543442777
2017-02-15 00:00:00 UTC,789080890320787311
2020-02-24 00:00:00 UTC,14987467782177103536
2020-09-25 00:00:00 UTC,20344672675141072667
2018-11-15 00:00:00 UTC,18642862648048324292
2019-11-08 00:00:00 UTC,15107259681636421193
2019-09-24 00:00:00 UTC,15412528701958722194
2017-10-24 00:00:00 UTC,9352759774793931001
2015-11-13 00:00:00 UTC,40286844016008337
2016-04-10 00:00:00 UTC,164263417099414290
2017-03-25 00:00:00 UTC,1259202732476370902
2017-01-09 00:00:00 UTC,592276930616357639
2017-08-10 00:00:00 UTC,6648360538195650568
2020-08-06 00:00:00 UTC,15980693122413265052
2016-10-04 00:00:00 UTC,525743678035739044
2016-11-18 00:00:00 UTC,417828930484055207
2015-11-15 00:00:00 UTC,42908130578703437
2018-09-01 00:00:00 UTC,20152046422590252118
2016-03-04 00:00:00 UTC,80608028305623693
2020-07-22 00:00:00 UTC,14712098737111141798
2016-10-17 00:00:00 UTC,549166040272185580
2019-05-31 00:00:00 UTC,13604778932086649291
2016-05-19 00:00:00 UTC,237539101485038613
2019-09-23 00:00:00 UTC,16070933159219318414
2018-05-09 00:00:00 UTC,18728100219119211611
2020-04-19 00:00:00 UTC,14224743017418612334
2018-10-09 00:00:00 UTC,20226282564609635675
2018-02-06 00:00:00 UTC,16516217771571037336
2016-10-27 00:00:00 UTC,629836811710777591
2019-12-25 00:00:00 UTC,12502187876871030517
2020-11-08 00:00:00 UTC,21645861351423542083
2018-06-12 00:00:00 UTC,19045005471586579625
2020-01-02 00:00:00 UTC,12619292926969710061
2016-08-26 00:00:00 UTC,420628244019513094
2015-08-03 00:00:00 UTC,5944421254712499
2017-11-24 00:00:00 UTC,9658655732883310542
2015-08-11 00:00:00 UTC,10752143410818304
2020-05-27 00:00:00 UTC,14792896890571280566
2016-02-19 00:00:00 UTC,63674626184669489
2018-11-20 00:00:00 UTC,17633916973126401493
2020-03-15 00:00:00 UTC,14214247438073605088
2019-06-27 00:00:00 UTC,13844335729960028353
2018-07-18 00:00:00 UTC,20025023746767317184
2016-12-29 00:00:00 UTC,477425228230368213
2019-03-25 00:00:00 UTC,11850966723225568407
2019-11-16 00:00:00 UTC,14760413352767011444
2020-05-30 00:00:00 UTC,14814715398811336337
2016-12-18 00:00:00 UTC,534984367724471001
2017-06-16 00:00:00 UTC,3933297790792630990
2017-01-18 00:00:00 UTC,618948958241214374
2020-10-04 00:00:00 UTC,20735052347167825775
2020-06-18 00:00:00 UTC,14813513087384342360
2017-11-09 00:00:00 UTC,8800573990595442831
2018-09-05 00:00:00 UTC,20461733501702212659
2019-02-23 00:00:00 UTC,13144488649197983090
2015-10-11 00:00:00 UTC,31145675078229145
2019-01-12 00:00:00 UTC,14544019771642067615
2015-08-27 00:00:00 UTC,27896358827875929
2020-08-16 00:00:00 UTC,17281119962992806471
2020-08-22 00:00:00 UTC,17469384694883772949
2017-11-28 00:00:00 UTC,9190013149990148818
2016-02-07 00:00:00 UTC,56213255920323896
2018-02-07 00:00:00 UTC,16776467297183169962
2016-03-15 00:00:00 UTC,105064789936522397
2020-05-05 00:00:00 UTC,15313521748986187474
2017-07-10 00:00:00 UTC,5506988353497659116
2020-01-16 00:00:00 UTC,13616928571274350621
2019-11-22 00:00:00 UTC,14517281682309333344
2018-02-05 00:00:00 UTC,16787139952883303181
2016-11-14 00:00:00 UTC,413220148729978734
2016-09-30 00:00:00 UTC,500607227223191491
2018-03-14 00:00:00 UTC,18321883515336034156
2018-11-03 00:00:00 UTC,18362083946480591339
2016-02-29 00:00:00 UTC,71994222176509221
2017-10-29 00:00:00 UTC,9040753408014230421
2015-11-08 00:00:00 UTC,38708333550892156
2020-08-12 00:00:00 UTC,16671230593342311460
2016-06-17 00:00:00 UTC,282942969787859434
2017-01-28 00:00:00 UTC,676614136999335716
2018-10-31 00:00:00 UTC,19138609881368763489
2019-11-06 00:00:00 UTC,15271089683545336145
2020-05-16 00:00:00 UTC,14572789026381164805
2016-02-22 00:00:00 UTC,68540964337802552
2016-03-01 00:00:00 UTC,73018839753647036
2020-03-25 00:00:00 UTC,13972008487331985844
2015-12-12 00:00:00 UTC,40836894811327928
2019-07-13 00:00:00 UTC,14406906279864688172
2018-04-06 00:00:00 UTC,19703263405848353656
2015-09-26 00:00:00 UTC,35628373556125201
2016-04-27 00:00:00 UTC,188426201839681286
2017-07-18 00:00:00 UTC,5524446865126839271
2017-08-26 00:00:00 UTC,7697822318995431699
2015-11-01 00:00:00 UTC,40132635084288822
2015-11-05 00:00:00 UTC,38693443024979345
2018-11-21 00:00:00 UTC,17117616885733002390
2020-08-11 00:00:00 UTC,16391365682620833472
2018-08-24 00:00:00 UTC,20402101863540371408
2018-04-18 00:00:00 UTC,17837928960533239046
2017-05-10 00:00:00 UTC,2054056922530202716
2016-11-05 00:00:00 UTC,317818373953820721
2016-02-15 00:00:00 UTC,64051956670835868
2019-02-25 00:00:00 UTC,12570331821550054733
2016-09-09 00:00:00 UTC,414659600012099544
2016-02-17 00:00:00 UTC,61790359706973763
2018-03-25 00:00:00 UTC,19665760133466604232
2016-03-26 00:00:00 UTC,130519514596041119
2018-07-15 00:00:00 UTC,20761858200957094011
2017-01-17 00:00:00 UTC,623108235948956399
2017-07-26 00:00:00 UTC,6191295185713748331
2017-10-04 00:00:00 UTC,8358875143130655223
2018-06-27 00:00:00 UTC,20386506253282595740
2020-08-28 00:00:00 UTC,18165239409617457400
2016-08-03 00:00:00 UTC,291019374651157068
2016-04-06 00:00:00 UTC,154105523276174052
2015-07-30 00:00:00 UTC,838549593510911
2018-07-23 00:00:00 UTC,20610664041463621031
2020-03-29 00:00:00 UTC,14707669816963517143
2019-03-20 00:00:00 UTC,12082425332907795797
2020-05-02 00:00:00 UTC,15083078275191494381
2018-08-29 00:00:00 UTC,20356387811528128109
2016-06-09 00:00:00 UTC,293377426440956169
2018-06-06 00:00:00 UTC,17819392435463808218
2020-03-05 00:00:00 UTC,14826067847776012714
2016-04-20 00:00:00 UTC,182443878428699024
2016-05-27 00:00:00 UTC,252331808874229618
2015-12-15 00:00:00 UTC,44456432934622104
2018-01-15 00:00:00 UTC,11875153266874781809
2019-07-26 00:00:00 UTC,14071154582411451728
2019-07-31 00:00:00 UTC,14182704968232047255
2016-05-01 00:00:00 UTC,204906434314831403
2016-01-01 00:00:00 UTC,41754162178716902
2016-01-02 00:00:00 UTC,41511340445801658
2017-08-30 00:00:00 UTC,7878192079126954315
2018-12-17 00:00:00 UTC,13204179543687364929
2018-11-12 00:00:00 UTC,18561426258009452532
2016-08-13 00:00:00 UTC,359956407505070827
2020-01-24 00:00:00 UTC,13857177307916725380
2018-07-11 00:00:00 UTC,19910791804057003837
2016-02-26 00:00:00 UTC,71019726797627388
2017-09-20 00:00:00 UTC,8571444393917993220
2020-07-03 00:00:00 UTC,15428871010138890007
2018-02-19 00:00:00 UTC,17558096346708971809
2018-08-19 00:00:00 UTC,20570382092581399058
2018-02-03 00:00:00 UTC,16519318988874128421
2019-05-20 00:00:00 UTC,13297430740736863512
2018-08-22 00:00:00 UTC,21283482126866945883
2018-05-17 00:00:00 UTC,18714399838798252978
2018-10-01 00:00:00 UTC,19751777605671929561
2018-06-10 00:00:00 UTC,18345326981098293376
2017-12-02 00:00:00 UTC,9504984352879637620
2015-12-23 00:00:00 UTC,43615156805237987
2015-09-30 00:00:00 UTC,26759325110136349
2015-10-15 00:00:00 UTC,30587329593801933
2020-08-18 00:00:00 UTC,16254844387308737992
2018-11-10 00:00:00 UTC,18334726311182457477
2019-07-05 00:00:00 UTC,13627399818570156811
2017-04-20 00:00:00 UTC,1663792562165321978
2017-08-09 00:00:00 UTC,6833070115042999732
2016-04-09 00:00:00 UTC,159262199412037490
2020-09-03 00:00:00 UTC,18298067213280325552
2017-05-15 00:00:00 UTC,2236271874790429389
2019-09-14 00:00:00 UTC,14936517264479889686
2018-09-14 00:00:00 UTC,19063881953622098276
2017-04-06 00:00:00 UTC,1461881645734936485
2016-07-03 00:00:00 UTC,349090618346472250
2019-02-13 00:00:00 UTC,11730244995019888264
2020-02-18 00:00:00 UTC,14529386987586642258
2017-07-08 00:00:00 UTC,5371683231920585452
2018-07-28 00:00:00 UTC,21237591649679305534
2019-10-14 00:00:00 UTC,15404159693248578637
2019-02-24 00:00:00 UTC,12808753051112050720
2020-01-14 00:00:00 UTC,13527085318416385736
2017-08-06 00:00:00 UTC,6446893915306110798
2020-07-26 00:00:00 UTC,15776401850416124386
2016-03-16 00:00:00 UTC,107111219424648561
2020-10-09 00:00:00 UTC,21134717688190382654
2015-11-11 00:00:00 UTC,38581052944558143
2019-02-28 00:00:00 UTC,12781257686832791890
2019-11-20 00:00:00 UTC,14117029712122163030
2016-11-21 00:00:00 UTC,512862396580925507
2019-04-02 00:00:00 UTC,11420784515393796062
2016-10-20 00:00:00 UTC,584608815348525150
2019-07-07 00:00:00 UTC,13937944947001276155
2016-10-23 00:00:00 UTC,613326890506634223
2017-12-19 00:00:00 UTC,9731149724935507931
2019-11-12 00:00:00 UTC,15138043243545853745
2018-10-11 00:00:00 UTC,19778612703923532908
2017-07-06 00:00:00 UTC,5233796016054717825
2016-06-21 00:00:00 UTC,299941809945573916
2017-08-03 00:00:00 UTC,6186159819646635234
2016-02-27 00:00:00 UTC,72708152553435059
2017-05-19 00:00:00 UTC,2341269740770149778
2017-07-19 00:00:00 UTC,5722053167105152220
2018-12-31 00:00:00 UTC,14827496271887590616
2020-07-20 00:00:00 UTC,15207908518562823092
2018-05-14 00:00:00 UTC,18730388351380393179
2015-12-30 00:00:00 UTC,42625009278943705
2020-04-26 00:00:00 UTC,14379588437237645216
2020-04-27 00:00:00 UTC,14049602647771661901
2020-02-10 00:00:00 UTC,13944677075576152049
2015-11-30 00:00:00 UTC,39526655565416093
2018-05-04 00:00:00 UTC,18038138318001245025
2019-12-08 00:00:00 UTC,13989410130822159671
2015-08-18 00:00:00 UTC,21660833501123441
2019-11-09 00:00:00 UTC,15154326046420369960
2019-10-10 00:00:00 UTC,15341413009847991160
2020-09-13 00:00:00 UTC,20270161389764601664
2016-11-16 00:00:00 UTC,410715330025443115
2019-09-18 00:00:00 UTC,15863266230438863608
2019-11-04 00:00:00 UTC,14896824156754723954
2020-07-11 00:00:00 UTC,15657859617746323179
2019-12-26 00:00:00 UTC,12431209505818012254
2015-11-04 00:00:00 UTC,39680756651358720
2016-01-30 00:00:00 UTC,54565276214770615
2017-12-16 00:00:00 UTC,10050419877657718533
2020-02-05 00:00:00 UTC,13557879725704248073
2020-11-01 00:00:00 UTC,22111735615625187956
2015-12-31 00:00:00 UTC,43055054364345279
2015-10-19 00:00:00 UTC,29459993766315046
2016-09-07 00:00:00 UTC,419724832807184329
2018-07-14 00:00:00 UTC,20567795446879894222
2015-08-31 00:00:00 UTC,29735136993771366
2020-07-29 00:00:00 UTC,16501302174650374104
2018-12-01 00:00:00 UTC,15219461629664028636
2020-09-08 00:00:00 UTC,19681010527645679619
2017-04-07 00:00:00 UTC,1483970676071072323
2016-12-17 00:00:00 UTC,517010286275152198
2016-09-17 00:00:00 UTC,455842802751908811
2019-05-11 00:00:00 UTC,12470974667848635749
2019-01-22 00:00:00 UTC,14601031647879482945
2017-09-11 00:00:00 UTC,8212562492381703920
2015-10-28 00:00:00 UTC,34003048733307685
2020-05-26 00:00:00 UTC,14515406946715080269
2020-10-18 00:00:00 UTC,20999523195984308738
2017-05-05 00:00:00 UTC,1985049135123230438
2019-01-17 00:00:00 UTC,14352001701716540235
2018-08-26 00:00:00 UTC,21229206607281143794
2015-08-02 00:00:00 UTC,5466519365039414
2019-01-30 00:00:00 UTC,11900051231254921415
2016-11-23 00:00:00 UTC,441214400315748273
2018-09-18 00:00:00 UTC,18968447353441295882
2016-12-26 00:00:00 UTC,500617149713627027
2020-07-14 00:00:00 UTC,15431593084369608993
2016-03-03 00:00:00 UTC,78212080200668088
2017-04-28 00:00:00 UTC,1872220390828753801
2019-01-29 00:00:00 UTC,11901148759214702941
2016-07-12 00:00:00 UTC,358777884288034413
2020-09-09 00:00:00 UTC,19523987744541541554
2018-09-03 00:00:00 UTC,20054285667962525784
2019-06-01 00:00:00 UTC,13450732412737295864
2020-11-06 00:00:00 UTC,22182166757633678809
2020-02-13 00:00:00 UTC,14230736999500364313
2020-09-27 00:00:00 UTC,20836078897522827441
2018-12-14 00:00:00 UTC,13330296692276668177
2018-11-07 00:00:00 UTC,18448824641635637606
2016-10-05 00:00:00 UTC,470014931463529381
2020-09-02 00:00:00 UTC,18665795297729261824
2016-11-02 00:00:00 UTC,385207895660814630
2020-02-14 00:00:00 UTC,14292706140854872478
2016-04-19 00:00:00 UTC,179246077497069746
2017-03-23 00:00:00 UTC,1247140649274760087
2016-11-22 00:00:00 UTC,480142347406981706
2018-10-04 00:00:00 UTC,20046736758562832442
2019-11-07 00:00:00 UTC,15222739759174600657
2017-04-14 00:00:00 UTC,1604468008012185328
2019-08-05 00:00:00 UTC,14800470579566606351
2016-12-11 00:00:00 UTC,505755010635756883
2019-09-28 00:00:00 UTC,15940317275058021475
2017-11-13 00:00:00 UTC,9068450518535172757
2018-06-23 00:00:00 UTC,20102044615780079805
2017-01-04 00:00:00 UTC,536221227159526013
2020-01-18 00:00:00 UTC,13517543363145460488
2015-09-28 00:00:00 UTC,31967741736711472
2020-04-17 00:00:00 UTC,14456086684468988173
2017-11-27 00:00:00 UTC,9355430666313346827
2017-01-31 00:00:00 UTC,678449194890994401
2019-04-22 00:00:00 UTC,12249786540839598684
2015-12-08 00:00:00 UTC,37068155847336789
2018-10-27 00:00:00 UTC,19079343839132252844
2017-12-21 00:00:00 UTC,9700380275350344537
2020-08-29 00:00:00 UTC,17581110609650508476
2020-01-17 00:00:00 UTC,13630532388205936694
2016-06-07 00:00:00 UTC,276782629075571651
2015-10-23 00:00:00 UTC,30940179606894103
2017-06-13 00:00:00 UTC,3662022603529504736
2017-04-12 00:00:00 UTC,1507984077196340512
2017-09-02 00:00:00 UTC,7900892283196382947
2017-09-05 00:00:00 UTC,7940276675061265287
2017-11-06 00:00:00 UTC,8888156325728240875
2017-07-07 00:00:00 UTC,5278138252912488924
2017-05-28 00:00:00 UTC,2558422772306578332
2018-03-28 00:00:00 UTC,19383643914657900939
2020-03-07 00:00:00 UTC,14860702839177846678
2018-11-17 00:00:00 UTC,18421402725971712746
2019-12-07 00:00:00 UTC,14473158641949339314
2017-10-28 00:00:00 UTC,9162980810321046593
2018-12-21 00:00:00 UTC,13211261530364010504
2019-11-02 00:00:00 UTC,15189741014370786750
2017-12-17 00:00:00 UTC,10143864776066770610
2018-05-18 00:00:00 UTC,18241630950050652264
2019-10-17 00:00:00 UTC,15665139935310871209
2019-11-26 00:00:00 UTC,13893538915470916279
2018-02-09 00:00:00 UTC,17079283672660749390
2016-01-14 00:00:00 UTC,44462733072758969
2019-04-25 00:00:00 UTC,11965928754826385639
2016-03-14 00:00:00 UTC,102494600719212587
2019-07-09 00:00:00 UTC,14091839121301730643
2015-12-05 00:00:00 UTC,40867685936538503
2016-11-19 00:00:00 UTC,442486441423174684
2020-08-31 00:00:00 UTC,18025088334267060145
2018-01-01 00:00:00 UTC,11467235051958574378
2018-11-09 00:00:00 UTC,18292104403854802251
2016-09-27 00:00:00 UTC,432921832309713375
2017-02-28 00:00:00 UTC,943722637855655287
2015-10-07 00:00:00 UTC,29941622727865431
2018-01-28 00:00:00 UTC,15044867722443915999
2016-08-08 00:00:00 UTC,332094980247793523
2019-12-27 00:00:00 UTC,12520698298106715484
2017-05-30 00:00:00 UTC,2864261587869762485
2017-05-29 00:00:00 UTC,2720951275523022540
2020-09-21 00:00:00 UTC,20986007518586872822
2016-02-06 00:00:00 UTC,54192781391216644
2019-01-31 00:00:00 UTC,12158652401292405028
2017-06-20 00:00:00 UTC,4207913275021201322
2017-11-29 00:00:00 UTC,9288926733591366227
2015-11-12 00:00:00 UTC,39342920126632113
2018-01-22 00:00:00 UTC,14090709752029973219
2019-01-06 00:00:00 UTC,15059280443456777517
2016-06-30 00:00:00 UTC,329167887184320802
2016-10-16 00:00:00 UTC,576241816809756506
2018-05-11 00:00:00 UTC,18893253711557943501
2019-12-04 00:00:00 UTC,14259361505260141847
2018-08-21 00:00:00 UTC,20959391073393911022
2018-12-10 00:00:00 UTC,14572879072650174828
2017-11-30 00:00:00 UTC,9489430376551791430
2016-01-10 00:00:00 UTC,42459022520453597
2020-01-20 00:00:00 UTC,13666044569459657819
2016-07-18 00:00:00 UTC,365156570907642281
2016-04-29 00:00:00 UTC,196945444012061766
2018-06-30 00:00:00 UTC,20369401236684877592
2017-04-04 00:00:00 UTC,1427168999303569323
2016-07-01 00:00:00 UTC,338517969079647099
2015-11-07 00:00:00 UTC,37160679610609099
2018-01-04 00:00:00 UTC,10337784724380801985
2018-07-12 00:00:00 UTC,20627803692659311870
2017-09-17 00:00:00 UTC,8678898200306106312
2020-01-23 00:00:00 UTC,13650758006570845099
2019-07-17 00:00:00 UTC,14333203974584280383
2020-01-10 00:00:00 UTC,13607275135456932816
2017-08-12 00:00:00 UTC,6961364090265978907
2017-05-31 00:00:00 UTC,2812745152840410667
2019-07-28 00:00:00 UTC,14384452269241006875
2020-11-07 00:00:00 UTC,22349720817058529673
2018-01-26 00:00:00 UTC,14780038567289306339
2017-04-15 00:00:00 UTC,1558385934729302854
2019-03-03 00:00:00 UTC,12177851636468495543
2017-09-06 00:00:00 UTC,7836425948473046939
2019-03-07 00:00:00 UTC,12261334218090812769
2017-05-13 00:00:00 UTC,2116143655102486621
2017-04-27 00:00:00 UTC,1769870832410437382
2017-12-31 00:00:00 UTC,11338811576541132159
2018-10-21 00:00:00 UTC,19157800910144752764
2019-02-27 00:00:00 UTC,12735158077459286203
2019-10-11 00:00:00 UTC,15729360759376217653
2019-06-17 00:00:00 UTC,12915359758522509366
2017-06-30 00:00:00 UTC,4895037325952135966
2018-07-05 00:00:00 UTC,20678841234892396523
2017-04-09 00:00:00 UTC,1467656054359189797
2018-12-02 00:00:00 UTC,14700610548642808882
2018-03-05 00:00:00 UTC,18450805102703256064
2018-03-03 00:00:00 UTC,18982160547206099517
2020-03-24 00:00:00 UTC,14170102308901455608
2020-05-07 00:00:00 UTC,14481943638657277009
2018-09-06 00:00:00 UTC,20561916776921939692
2019-10-13 00:00:00 UTC,15687421344430972266
2018-10-16 00:00:00 UTC,19599021173432178257
2019-01-26 00:00:00 UTC,13896870130714807496
2020-02-29 00:00:00 UTC,14970277107386555830
2016-08-15 00:00:00 UTC,362439416957531128
2018-08-23 00:00:00 UTC,20204383638087716382
2020-06-21 00:00:00 UTC,15264341487181277843
2019-12-18 00:00:00 UTC,12971261079322991479
2017-12-22 00:00:00 UTC,9754238619186226216
2019-06-22 00:00:00 UTC,12883281224304189565
2020-05-31 00:00:00 UTC,15076626864422637856
2020-10-23 00:00:00 UTC,21909434801155184280
2020-06-03 00:00:00 UTC,15089816359353703730
2019-05-10 00:00:00 UTC,12397712401521193651
2018-04-29 00:00:00 UTC,18612109645960487014
2016-08-18 00:00:00 UTC,372772056674343750
2018-09-22 00:00:00 UTC,19793106391278874519
2017-01-20 00:00:00 UTC,637187612986331680
2016-03-21 00:00:00 UTC,115495401039424167
2017-11-22 00:00:00 UTC,9131096497048907304
2018-08-10 00:00:00 UTC,21229190007499439620
2019-04-26 00:00:00 UTC,11930542967346584775
2019-04-20 00:00:00 UTC,11934745806963725703
2017-07-17 00:00:00 UTC,5370839171246297543
2018-06-20 00:00:00 UTC,19656924459005863491
2017-06-09 00:00:00 UTC,3336899137039399371
2015-11-23 00:00:00 UTC,38503476037931559
2018-10-08 00:00:00 UTC,20462389237779545300
2016-06-23 00:00:00 UTC,320900256672348801
2018-10-03 00:00:00 UTC,19598467507522327895
2017-11-20 00:00:00 UTC,9197387201610555695
2017-03-01 00:00:00 UTC,909248269918898493
2019-08-14 00:00:00 UTC,14774975543530286206
2018-09-20 00:00:00 UTC,19103725314914207188
2016-02-18 00:00:00 UTC,60898363066022133
2018-08-17 00:00:00 UTC,20340920844739390233
2017-10-15 00:00:00 UTC,8665286478350120577
2015-09-25 00:00:00 UTC,35764525257022717
2019-02-18 00:00:00 UTC,11751081235371531454
2019-01-05 00:00:00 UTC,14821819191440555163
2016-10-24 00:00:00 UTC,616757370232385991
2016-04-01 00:00:00 UTC,144418787915648019
2017-09-26 00:00:00 UTC,8343766578661742622
2017-09-25 00:00:00 UTC,8259626984591039275
2020-08-07 00:00:00 UTC,16320212248079829311
2016-12-23 00:00:00 UTC,489215442687984509
2015-07-31 00:00:00 UTC,4137989927486560
2019-08-10 00:00:00 UTC,15074246196709751326
2017-09-13 00:00:00 UTC,8218151802434595577
2020-07-30 00:00:00 UTC,15938636850453523925
2018-06-05 00:00:00 UTC,18074833862689012363
2017-01-26 00:00:00 UTC,678966937200506345
2016-06-02 00:00:00 UTC,260507287778641679
2017-10-30 00:00:00 UTC,8788485591798974462
2016-12-03 00:00:00 UTC,457398087445613557
2019-03-26 00:00:00 UTC,11406863335618945759
2017-08-29 00:00:00 UTC,7804706158225645519
2018-11-18 00:00:00 UTC,18426409487816424158
2019-04-05 00:00:00 UTC,11705751559041384131
2016-06-15 00:00:00 UTC,298750899940045398
2020-08-03 00:00:00 UTC,15725917661478397928
2016-07-07 00:00:00 UTC,348285883121023646
2016-04-22 00:00:00 UTC,179363838699762293
2018-09-16 00:00:00 UTC,19130600964876533817
2017-12-28 00:00:00 UTC,11285819825936566846
2018-11-04 00:00:00 UTC,18531621392010200544
2019-12-01 00:00:00 UTC,14188273547164253276
2015-10-14 00:00:00 UTC,31984481979407100
2020-09-30 00:00:00 UTC,20911209177246696545
2020-03-03 00:00:00 UTC,14693223433181910539
2016-08-25 00:00:00 UTC,410357546520314297
2018-01-03 00:00:00 UTC,10550060231771084579
2016-02-03 00:00:00 UTC,56446517677089486
2017-10-09 00:00:00 UTC,8447014132928120599
2019-02-20 00:00:00 UTC,12447429695434625794
2020-06-14 00:00:00 UTC,15013790934650123953
2017-11-03 00:00:00 UTC,8810910032549933026
2017-08-02 00:00:00 UTC,6496784814313348202
2018-01-17 00:00:00 UTC,12576974729636015557
2017-04-22 00:00:00 UTC,1720868926725487218
2018-04-26 00:00:00 UTC,18851733549989198857
2019-06-24 00:00:00 UTC,13355537377411618917
2017-04-02 00:00:00 UTC,1414950638523560505
2016-11-04 00:00:00 UTC,337469708750211822
2018-04-17 00:00:00 UTC,18279862531974494405
2015-09-14 00:00:00 UTC,32144051861950728
2016-10-28 00:00:00 UTC,604612716430424233
2017-03-22 00:00:00 UTC,1211407928823868564
2018-12-30 00:00:00 UTC,14674302565691475261
2020-02-27 00:00:00 UTC,15250553412457407418
2017-11-12 00:00:00 UTC,9288383467657542394
2017-08-18 00:00:00 UTC,7219162820903512533
2019-12-03 00:00:00 UTC,14568406957373694570
2017-08-04 00:00:00 UTC,6426298358873633853
2019-09-22 00:00:00 UTC,15662227434559558546
2017-10-23 00:00:00 UTC,9104696509645048967
2019-04-29 00:00:00 UTC,12295512103157563375
2018-12-18 00:00:00 UTC,13011146986711522343
2017-04-16 00:00:00 UTC,1586423337182826479
2020-03-26 00:00:00 UTC,14361512942651324614
2018-01-21 00:00:00 UTC,13786053050905028596
2017-03-18 00:00:00 UTC,1183824977846035367
2016-09-12 00:00:00 UTC,431839590232882745
2019-05-06 00:00:00 UTC,12196354908152952162
2019-04-04 00:00:00 UTC,11655870915465742497
2020-05-14 00:00:00 UTC,14737695688960532700
2017-06-17 00:00:00 UTC,4020114363015489483
2016-05-24 00:00:00 UTC,247039024902101000
2019-05-03 00:00:00 UTC,12028399437413562313
2016-05-25 00:00:00 UTC,247284509783104066
2018-10-10 00:00:00 UTC,20323007934750109272
2018-01-27 00:00:00 UTC,14921987986201743393
2018-03-26 00:00:00 UTC,20013982618869728233
2018-09-23 00:00:00 UTC,19753812343322748830
2016-03-23 00:00:00 UTC,112108032878738126
2019-01-01 00:00:00 UTC,14080105653104510404
2015-09-27 00:00:00 UTC,34618122796214642
2017-02-07 00:00:00 UTC,716210227973963535
2020-01-03 00:00:00 UTC,12933777376156243272
2016-06-24 00:00:00 UTC,318968545425064089
2020-09-29 00:00:00 UTC,20747713747630584094
2019-04-07 00:00:00 UTC,11806975131552416957
2020-10-17 00:00:00 UTC,21774519343736257270
2015-09-01 00:00:00 UTC,30092223117047222
2020-01-30 00:00:00 UTC,13276090712106226622
2015-09-03 00:00:00 UTC,28263601259353003
2016-02-20 00:00:00 UTC,64724340343313099
2017-05-01 00:00:00 UTC,1890637284549522142
2018-03-06 00:00:00 UTC,18367440801558267097
2020-06-04 00:00:00 UTC,15217914120790009381
2019-03-24 00:00:00 UTC,11877857701549661252
2018-02-21 00:00:00 UTC,17028990673305782875
2015-09-10 00:00:00 UTC,31466808509061721
2018-07-20 00:00:00 UTC,20012041631121214629
2018-03-29 00:00:00 UTC,18677544668660337607
2017-06-25 00:00:00 UTC,4456323232905479727
2020-08-30 00:00:00 UTC,17926241133254049030
2018-03-11 00:00:00 UTC,18757945774474316671
2019-11-28 00:00:00 UTC,14281210841768880179
2020-07-16 00:00:00 UTC,15501971608170369049
2019-09-30 00:00:00 UTC,15713333420523276632
2019-02-21 00:00:00 UTC,12483756115520065852
2017-07-15 00:00:00 UTC,5560170830372882782
2017-10-31 00:00:00 UTC,9175569272268619653
2020-10-21 00:00:00 UTC,21716665310396080692
2016-11-25 00:00:00 UTC,403243914565958598
2016-04-08 00:00:00 UTC,159505590343906672
2018-03-22 00:00:00 UTC,19397827663882646360
2018-05-30 00:00:00 UTC,17821273207644509094
2017-11-23 00:00:00 UTC,9401954778148093561
2015-12-03 00:00:00 UTC,39497182275310169
2020-01-12 00:00:00 UTC,13515511640952253279
2016-12-31 00:00:00 UTC,485870635920757338
2017-11-05 00:00:00 UTC,9067615945541863295
2016-03-27 00:00:00 UTC,132872894020474077
2020-06-27 00:00:00 UTC,15195613821725402993
2019-05-30 00:00:00 UTC,13513322433843437698
2016-09-15 00:00:00 UTC,440963586195358905
2016-12-09 00:00:00 UTC,479646657948293673
2018-05-02 00:00:00 UTC,17771934801347747715
2019-10-27 00:00:00 UTC,14918839820200941586
2018-08-12 00:00:00 UTC,20369640296643405345
2016-09-20 00:00:00 UTC,461030663517163260
2018-08-31 00:00:00 UTC,20632404836186124489
2017-06-21 00:00:00 UTC,4282364317831631510
2018-02-10 00:00:00 UTC,17069113129286314744
2018-10-25 00:00:00 UTC,19117567014974530699
2015-08-22 00:00:00 UTC,25450185399905218
2019-06-07 00:00:00 UTC,13446489117878616033
2019-06-23 00:00:00 UTC,12981756137242206000
2018-03-23 00:00:00 UTC,19600972824125434688
2018-12-29 00:00:00 UTC,14534356505907420885
2019-03-05 00:00:00 UTC,12230538878907149248
2020-05-15 00:00:00 UTC,14957263820016763527
2018-08-03 00:00:00 UTC,20571913718844202969
2016-01-04 00:00:00 UTC,42470880275987664
2016-05-29 00:00:00 UTC,261754870792438997
2019-01-15 00:00:00 UTC,15183009804482399598
2018-11-22 00:00:00 UTC,16714037127630668499
2015-12-26 00:00:00 UTC,42312021627970597
2019-05-29 00:00:00 UTC,13849008389359677610
2019-09-04 00:00:00 UTC,14234488757423299019
2016-10-08 00:00:00 UTC,472508604858039695
2018-12-11 00:00:00 UTC,14065657643243651065
2016-02-12 00:00:00 UTC,58146377348632946
2016-08-06 00:00:00 UTC,316860810524522717
2020-04-20 00:00:00 UTC,14192842836159159495
2018-09-09 00:00:00 UTC,18933389363697685630
2019-01-25 00:00:00 UTC,14360748642480230614
2020-11-02 00:00:00 UTC,21311671936281838246
2018-06-02 00:00:00 UTC,17989334069092132884
2019-03-13 00:00:00 UTC,11782380783265431996
2019-11-01 00:00:00 UTC,15477593414348859050
2018-03-04 00:00:00 UTC,18467307079486779107
2019-02-19 00:00:00 UTC,12569484911475699294
2020-04-24 00:00:00 UTC,14433852414732934705
2016-09-02 00:00:00 UTC,426952362755596675
2018-11-16 00:00:00 UTC,19096270642926021296
2018-06-04 00:00:00 UTC,17918679913976392923
2016-01-24 00:00:00 UTC,52368748467633888
2018-02-16 00:00:00 UTC,17821709591734101369
2017-10-14 00:00:00 UTC,8424261015412443919
2016-01-12 00:00:00 UTC,43827420426856830
2016-06-11 00:00:00 UTC,286240272213061255
2015-10-03 00:00:00 UTC,31938454104443128
2016-02-01 00:00:00 UTC,54751246011200134
2017-11-15 00:00:00 UTC,8883722069477498774
2019-04-06 00:00:00 UTC,11892289335359170167
2019-06-16 00:00:00 UTC,12907428159488409781
2020-04-11 00:00:00 UTC,14093383343816806785
2017-11-04 00:00:00 UTC,8706754789109927675
2018-02-02 00:00:00 UTC,15902771153698263350
2018-04-10 00:00:00 UTC,19044068083621659359
2020-10-08 00:00:00 UTC,20783129899063659676
2019-01-08 00:00:00 UTC,14842910574231476437
2020-10-06 00:00:00 UTC,21974998793743750189
2020-08-23 00:00:00 UTC,17951459241784871811
2017-07-13 00:00:00 UTC,5450246050597840216
2017-06-04 00:00:00 UTC,3084020556493264592
2015-08-30 00:00:00 UTC,28174658899478562
2016-10-03 00:00:00 UTC,506003113500675203
2019-08-04 00:00:00 UTC,14639811896136459553
2016-01-27 00:00:00 UTC,53916582519573146
2017-01-12 00:00:00 UTC,605455422744814226
2020-10-02 00:00:00 UTC,20898845163557487923
2018-10-24 00:00:00 UTC,19274276898975601737
2017-06-02 00:00:00 UTC,2922511154417869921
2019-10-16 00:00:00 UTC,15781358499306666336
2015-12-29 00:00:00 UTC,42863674545045475
2017-05-18 00:00:00 UTC,2263716598470379097
2016-09-29 00:00:00 UTC,512813859895754901
2015-09-20 00:00:00 UTC,32903139813693843
2019-11-23 00:00:00 UTC,14775193526605118300
2019-02-09 00:00:00 UTC,11613439431697017736
2016-09-28 00:00:00 UTC,496897699746626464
2020-07-28 00:00:00 UTC,16262190945986969624
2020-03-28 00:00:00 UTC,14392964862974795224
2017-12-20 00:00:00 UTC,9560668739413553115
2018-07-31 00:00:00 UTC,20892526008545126494
2016-05-21 00:00:00 UTC,243154718737131443
2017-03-26 00:00:00 UTC,1322847150359131221
2019-10-12 00:00:00 UTC,15244917801291980637
2018-06-18 00:00:00 UTC,20225806025485108813
2020-08-19 00:00:00 UTC,16913585445992755635
2020-02-08 00:00:00 UTC,13853047255938569801
2018-02-27 00:00:00 UTC,17470469357634973033
2019-08-18 00:00:00 UTC,14597513595574847787
2020-09-23 00:00:00 UTC,21001699102973361270
2016-01-21 00:00:00 UTC,47637345747926513
2019-03-08 00:00:00 UTC,12325007951448515431
2017-05-07 00:00:00 UTC,2021846124464296328
2018-03-27 00:00:00 UTC,19395372181831844795
2016-01-19 00:00:00 UTC,47426111006373199
2019-04-10 00:00:00 UTC,12124119238177552888
2018-10-02 00:00:00 UTC,19849696986585887948
2019-01-18 00:00:00 UTC,14450176623768009371
2019-10-18 00:00:00 UTC,15231919499476522754
2018-08-25 00:00:00 UTC,20743992542162724111
2019-10-24 00:00:00 UTC,15401067485506203074
2017-01-29 00:00:00 UTC,659636286099955443
2015-10-26 00:00:00 UTC,32103423854784581
2019-06-06 00:00:00 UTC,13553580432627434239
2017-12-11 00:00:00 UTC,9058769252587251692
2018-06-13 00:00:00 UTC,18806526850309808090
2019-11-25 00:00:00 UTC,14940455569681443030
2019-09-05 00:00:00 UTC,14426493130995674313
2017-04-13 00:00:00 UTC,1477366086118851956
2015-08-10 00:00:00 UTC,9657091235971366
2020-03-01 00:00:00 UTC,14784163852984224693
2018-04-12 00:00:00 UTC,18469667222379991310
2019-03-28 00:00:00 UTC,11313561013467626021
2018-04-01 00:00:00 UTC,19489543290012770268
2016-03-07 00:00:00 UTC,86267617429601612
2016-10-18 00:00:00 UTC,568648295212439112
2019-10-04 00:00:00 UTC,15364179677375980729
2015-09-08 00:00:00 UTC,29917095282889140
2017-07-27 00:00:00 UTC,6124853211639230793
2016-08-19 00:00:00 UTC,375629059158476956
2018-11-27 00:00:00 UTC,15085063788853011513
2016-08-02 00:00:00 UTC,299396953258424525
2016-10-12 00:00:00 UTC,497364487336558180
2019-08-31 00:00:00 UTC,14391034343534396794
2017-08-17 00:00:00 UTC,7204034418848653196
2020-03-09 00:00:00 UTC,14815802962779934696
2020-10-10 00:00:00 UTC,21707988356602017470
2016-05-03 00:00:00 UTC,206814382126917155
2019-04-12 00:00:00 UTC,12063558079351146479
2019-07-08 00:00:00 UTC,13707023895644652658
2020-06-22 00:00:00 UTC,14970671308026695506
2019-02-01 00:00:00 UTC,11674119583585269444
2018-05-13 00:00:00 UTC,19566778676975530821
2017-07-03 00:00:00 UTC,5117380491661641029
2017-10-27 00:00:00 UTC,9016608248179230234
2018-12-20 00:00:00 UTC,13118603282917559077
2019-08-06 00:00:00 UTC,14838881287303259186
2019-12-15 00:00:00 UTC,14384179302142725241
2017-02-10 00:00:00 UTC,751502126947853006
2016-10-30 00:00:00 UTC,462725214703554057
2017-02-16 00:00:00 UTC,786722713620196140
2015-12-18 00:00:00 UTC,44073642324266171
2019-07-21 00:00:00 UTC,14089280134344721406
2017-03-12 00:00:00 UTC,1052072071161511424
2016-05-10 00:00:00 UTC,214646504856156369
2019-04-08 00:00:00 UTC,11758797932037445562
2015-09-05 00:00:00 UTC,30684335540731806
2017-07-22 00:00:00 UTC,5942630316021416744
2016-09-21 00:00:00 UTC,472406307383918674
2019-09-21 00:00:00 UTC,16028237335518786080
2017-02-27 00:00:00 UTC,902769655585727217
2020-06-08 00:00:00 UTC,14958323798892849015
2015-10-04 00:00:00 UTC,30321243989903032
2017-06-07 00:00:00 UTC,3313846161978574605
2017-03-16 00:00:00 UTC,1113268350170331624
2019-07-12 00:00:00 UTC,14384701956058034129
2019-06-12 00:00:00 UTC,12932986703489947918
2020-06-01 00:00:00 UTC,14717625237039733723
2015-10-09 00:00:00 UTC,30031508068184251
2018-09-30 00:00:00 UTC,19932622833702638065
2017-11-14 00:00:00 UTC,8869278250738465518
2020-03-14 00:00:00 UTC,14119331203854317241
2020-09-24 00:00:00 UTC,20391951870092347336
2019-07-20 00:00:00 UTC,14438702121386795477
2019-04-17 00:00:00 UTC,11888452423156987229
2017-08-05 00:00:00 UTC,6396669232238121146
2020-01-25 00:00:00 UTC,13587350649385511854
2016-01-06 00:00:00 UTC,42871503768691477
2019-12-17 00:00:00 UTC,13591323096751627518
2019-12-10 00:00:00 UTC,14634190250373515304
2019-04-24 00:00:00 UTC,11848557715527110791
2017-04-03 00:00:00 UTC,1349924986199883590
2020-02-16 00:00:00 UTC,14527254655306999843
2018-11-29 00:00:00 UTC,14807211908088934212
2019-05-02 00:00:00 UTC,12293606102201970015
2015-12-25 00:00:00 UTC,43413820680764097
2017-10-25 00:00:00 UTC,9166450000527282863
2019-05-27 00:00:00 UTC,13326732588136306778
2018-08-20 00:00:00 UTC,20730816210568810318
2018-04-21 00:00:00 UTC,18638791344357277772
2018-03-02 00:00:00 UTC,18152664215809906101
2017-10-07 00:00:00 UTC,8137983642870487813
2018-04-04 00:00:00 UTC,19065067798529542071
2016-04-17 00:00:00 UTC,169751899959234915
2018-11-14 00:00:00 UTC,18594255132248206148
2019-06-18 00:00:00 UTC,12923151046635486347
2016-12-21 00:00:00 UTC,546975031841089435
2017-04-17 00:00:00 UTC,1614893908250070844
2016-02-25 00:00:00 UTC,69606469353044778
2015-08-15 00:00:00 UTC,18180548988055296
2018-08-15 00:00:00 UTC,20918700583669927829
2016-10-29 00:00:00 UTC,481985831091743159
2020-06-09 00:00:00 UTC,14810247379739026732
2016-11-20 00:00:00 UTC,484033610753768769
2017-04-29 00:00:00 UTC,1924611953734224994
2016-04-11 00:00:00 UTC,160371708564587772
2018-02-28 00:00:00 UTC,18004047627209180363
2018-06-08 00:00:00 UTC,18154956726552561969
2018-08-11 00:00:00 UTC,21127272716732914668
2020-08-04 00:00:00 UTC,15776092640574595442
2016-07-15 00:00:00 UTC,351570301004539800
2017-01-30 00:00:00 UTC,676222912264363294
2017-05-16 00:00:00 UTC,2276003463600169103
2019-08-08 00:00:00 UTC,14770348157355506358
2016-05-26 00:00:00 UTC,252498766872025417
2018-10-05 00:00:00 UTC,19986430781015436095
2016-10-02 00:00:00 UTC,461199763849031340
2016-06-03 00:00:00 UTC,271257069428212661
2016-07-20 00:00:00 UTC,350392510502526127
2015-08-29 00:00:00 UTC,28820963126670228
2017-02-11 00:00:00 UTC,753114905683524727
2019-07-15 00:00:00 UTC,14462943262121628590
2015-10-20 00:00:00 UTC,29116538663785929
2016-06-19 00:00:00 UTC,307611641448851417
2018-02-12 00:00:00 UTC,17500491927000052423
2018-02-08 00:00:00 UTC,16935966260330343386
2016-10-06 00:00:00 UTC,498988784934970854
2018-04-24 00:00:00 UTC,17915501473764363001
2018-05-08 00:00:00 UTC,19172022153484836492
2018-03-17 00:00:00 UTC,19099708699249359490
2019-08-21 00:00:00 UTC,14372333344880268643
2017-04-23 00:00:00 UTC,1750118070181753135
2018-02-17 00:00:00 UTC,17949367192109080228
2019-02-06 00:00:00 UTC,11490524024875960330
2017-08-08 00:00:00 UTC,6697196932203257534
2017-01-14 00:00:00 UTC,621972556769919060
2018-10-07 00:00:00 UTC,20441079364003152807
2020-03-04 00:00:00 UTC,14920725185566851256
2017-06-01 00:00:00 UTC,2959842213494722846
2019-11-18 00:00:00 UTC,15156790334071741181
2020-07-04 00:00:00 UTC,15477111571115465369
2018-01-19 00:00:00 UTC,12898012141966143882
2019-09-06 00:00:00 UTC,13896558464833301221
2016-04-05 00:00:00 UTC,155083152677642536
2019-05-21 00:00:00 UTC,13053987760952717246
2019-09-02 00:00:00 UTC,14429222926549264981
2018-05-24 00:00:00 UTC,17932942798931921050
2020-01-28 00:00:00 UTC,13372583624305009265
2017-09-30 00:00:00 UTC,7877861660496314355
2018-10-12 00:00:00 UTC,19973576890298528961
2020-07-02 00:00:00 UTC,15192273987799841970
2018-10-17 00:00:00 UTC,19553806078418638872
2016-12-30 00:00:00 UTC,478955088593456798
2016-11-12 00:00:00 UTC,367990248101419659
2016-09-06 00:00:00 UTC,408471012838200262
2016-12-22 00:00:00 UTC,527413108864113619
2018-12-24 00:00:00 UTC,14142604264949399378
2017-02-05 00:00:00 UTC,718073643820994716
2019-03-11 00:00:00 UTC,12032776792223055478
2015-12-04 00:00:00 UTC,39227782037011367
2016-09-25 00:00:00 UTC,472957667528818066
2017-12-27 00:00:00 UTC,11120755047071484072
2016-12-08 00:00:00 UTC,467762272884231260
2015-09-21 00:00:00 UTC,33197990504585907
2016-12-27 00:00:00 UTC,485521282624146580
2015-09-11 00:00:00 UTC,33734151649697105
2020-04-18 00:00:00 UTC,14535936999631936683
2019-08-12 00:00:00 UTC,14976502083047705987
2018-11-05 00:00:00 UTC,18160529762865901621
2016-03-22 00:00:00 UTC,118795391477991159
2017-07-12 00:00:00 UTC,5347486941334825651
2018-03-31 00:00:00 UTC,19293907494184903331
2016-01-26 00:00:00 UTC,54666534423906778
2019-09-15 00:00:00 UTC,14798620474775600235
2016-07-05 00:00:00 UTC,347553264309416486
2019-02-02 00:00:00 UTC,11641221691969297311
2018-11-01 00:00:00 UTC,18580838412053946625
2016-07-25 00:00:00 UTC,349988566568719275
2018-12-19 00:00:00 UTC,13186598177536501302
2016-02-21 00:00:00 UTC,65507391885492256
2018-07-19 00:00:00 UTC,19892092649373173717
2016-03-20 00:00:00 UTC,117064923478187649
2019-06-09 00:00:00 UTC,12895621405226465465
2020-06-06 00:00:00 UTC,15063554179428491556
2018-11-30 00:00:00 UTC,14665378492584684776
2019-02-15 00:00:00 UTC,11470076270637413130
2020-08-13 00:00:00 UTC,16738137184486843586
2019-12-22 00:00:00 UTC,12753695257474354213
2019-06-26 00:00:00 UTC,13997873383101098927
2015-10-24 00:00:00 UTC,32516699412790678
2019-05-18 00:00:00 UTC,13845349494702554202
2018-04-20 00:00:00 UTC,17545688212566552112
2016-06-06 00:00:00 UTC,276558375037838341
2018-03-21 00:00:00 UTC,19352431285674332467
2020-03-27 00:00:00 UTC,14431040950033340031
2018-10-19 00:00:00 UTC,19490516221623562429
2019-06-04 00:00:00 UTC,13262851054796618688
2015-11-17 00:00:00 UTC,42094365543655680
2019-10-23 00:00:00 UTC,15846145995528299801
2016-09-08 00:00:00 UTC,412017856179532524
2019-05-19 00:00:00 UTC,13509143356125052536
2020-05-17 00:00:00 UTC,15051726449056391212
2017-02-23 00:00:00 UTC,841282954820404525
2018-10-30 00:00:00 UTC,18730215543129333923
2019-07-18 00:00:00 UTC,14538381774439149258
2019-08-24 00:00:00 UTC,14081208223578085506
2019-11-14 00:00:00 UTC,15176428406924031588
2019-10-08 00:00:00 UTC,15174216154042664977
2017-09-27 00:00:00 UTC,8468189148574679611
2019-10-09 00:00:00 UTC,15070422554682524537
2020-04-12 00:00:00 UTC,14704476727280084671
2016-07-08 00:00:00 UTC,346948303616358328
2020-01-26 00:00:00 UTC,13460524175087667535
2015-09-19 00:00:00 UTC,28174223228853082
2017-03-31 00:00:00 UTC,1433868689602422350
2019-05-04 00:00:00 UTC,12704941329987400003
2017-09-23 00:00:00 UTC,8538954127915553783
2020-03-06 00:00:00 UTC,14613199731212293294
2020-08-01 00:00:00 UTC,15892754111208714043
2019-07-04 00:00:00 UTC,13577604235545922687
2020-09-04 00:00:00 UTC,19149356459409966300
2020-09-10 00:00:00 UTC,19185066770684676017
2018-08-06 00:00:00 UTC,21295123662792365445
2017-01-24 00:00:00 UTC,663373177871767867
2020-07-18 00:00:00 UTC,15676310891312532673
2017-11-19 00:00:00 UTC,8786917249159866999
2017-08-27 00:00:00 UTC,7660987661372832576
2019-02-10 00:00:00 UTC,12032750573732816921
2015-10-08 00:00:00 UTC,30797545459945165
2020-04-22 00:00:00 UTC,14285827677361213043
2019-03-02 00:00:00 UTC,12312665912630460791
2017-10-08 00:00:00 UTC,8393785688559964745
2016-12-15 00:00:00 UTC,495283932246921505
2018-03-24 00:00:00 UTC,19499181465597049824
2018-04-16 00:00:00 UTC,18470541476416764491
2016-01-07 00:00:00 UTC,40894548156297160
2017-01-15 00:00:00 UTC,630657265467892156
2017-03-27 00:00:00 UTC,1378588542282392841
2020-06-05 00:00:00 UTC,15018340150840759712
2017-09-29 00:00:00 UTC,7929604742196054425
2019-07-22 00:00:00 UTC,14019544748264215636
2019-03-01 00:00:00 UTC,12205429624812379590
2017-08-22 00:00:00 UTC,7551403744836314700
2020-03-02 00:00:00 UTC,14652210093324255022
2019-05-08 00:00:00 UTC,12248304987745507661
2016-03-25 00:00:00 UTC,126607069339072228
2020-04-14 00:00:00 UTC,14724727527660058384
2016-11-11 00:00:00 UTC,363007102814442734
2018-04-22 00:00:00 UTC,18572037603455118579
2018-02-04 00:00:00 UTC,16446158064595054990
2019-08-22 00:00:00 UTC,13952089376162509944
2019-11-19 00:00:00 UTC,14211192361118036198
2015-08-28 00:00:00 UTC,29085290441837391
2020-02-03 00:00:00 UTC,13592302069235386244
2015-11-25 00:00:00 UTC,37133226846794829
2015-11-16 00:00:00 UTC,41960020562198717
2017-12-08 00:00:00 UTC,9011423217200802640
2018-08-16 00:00:00 UTC,20413850900079736094
2020-05-28 00:00:00 UTC,14491714653316888009
2018-01-30 00:00:00 UTC,15232198613210068802
2019-09-27 00:00:00 UTC,15738140961750218920
2016-07-11 00:00:00 UTC,357286543207011252
2018-04-28 00:00:00 UTC,17875156573795954935
2018-10-26 00:00:00 UTC,18762660825431453721
2015-11-10 00:00:00 UTC,39211288722694229
2016-05-18 00:00:00 UTC,229793523542341302
2016-06-27 00:00:00 UTC,334713780949246391
2019-03-16 00:00:00 UTC,12322714924438616352
2019-05-15 00:00:00 UTC,13118305205057608143
2018-07-09 00:00:00 UTC,20675024933682366311
2018-05-28 00:00:00 UTC,18437564172161849399
2018-09-26 00:00:00 UTC,20069785472120753443
2018-09-11 00:00:00 UTC,19190435576643245012
2017-08-31 00:00:00 UTC,7694560701613348338
2017-04-19 00:00:00 UTC,1651077943670963008
2017-01-02 00:00:00 UTC,488217984409609319
2018-06-17 00:00:00 UTC,19491631469302796449
2019-01-21 00:00:00 UTC,14471259782347603859
2016-07-30 00:00:00 UTC,327035741571386741
2016-05-04 00:00:00 UTC,204314409373717630
2019-01-27 00:00:00 UTC,13733117491253390484
2017-05-20 00:00:00 UTC,2413591910035397933
2016-01-29 00:00:00 UTC,54208943233306860
2018-08-18 00:00:00 UTC,20247235483409332336
2019-04-18 00:00:00 UTC,11878278223772882753
2020-09-11 00:00:00 UTC,19953114750053512356
2019-10-22 00:00:00 UTC,15337650535744711606
2018-04-23 00:00:00 UTC,18374846408822205944
2015-10-21 00:00:00 UTC,29319528296271011
2020-07-25 00:00:00 UTC,15147961303976658302
2018-10-28 00:00:00 UTC,19003361749226491091
2018-03-01 00:00:00 UTC,18242880256106262428
2017-10-03 00:00:00 UTC,8124718853341851439
2017-11-16 00:00:00 UTC,8597970049484690699
2020-03-19 00:00:00 UTC,14201615633545607190
2018-06-03 00:00:00 UTC,17995369511294990149
2019-08-15 00:00:00 UTC,14856489162077618435
2020-09-01 00:00:00 UTC,18795655272723250680
2016-02-24 00:00:00 UTC,68512430761862926
2017-04-08 00:00:00 UTC,1498749818656916043
2019-02-04 00:00:00 UTC,11663075558518184730
2017-07-20 00:00:00 UTC,5889209603055459380
2018-09-29 00:00:00 UTC,19904823741797406336
2015-08-05 00:00:00 UTC,6951231183942987
2016-11-08 00:00:00 UTC,414281721181779273
2019-04-27 00:00:00 UTC,12265997577895998175
2017-03-14 00:00:00 UTC,1072055262180698315
2019-08-30 00:00:00 UTC,14528533097829225502
2020-03-13 00:00:00 UTC,14293989386330402123
2018-06-28 00:00:00 UTC,19628261309771023589
2016-01-17 00:00:00 UTC,45666578494152860
2017-05-24 00:00:00 UTC,2490873786335054907
2018-08-02 00:00:00 UTC,20805589449915984978
2016-03-06 00:00:00 UTC,85098667151044219
2017-02-06 00:00:00 UTC,721363001200830362
2020-07-06 00:00:00 UTC,15428863825147455711
2017-02-02 00:00:00 UTC,688690227797395750
2016-01-28 00:00:00 UTC,52860123105887956
2020-02-11 00:00:00 UTC,14014413623912509372
2019-09-20 00:00:00 UTC,15643828376946874897
2019-08-07 00:00:00 UTC,14935744676268265250
2016-01-11 00:00:00 UTC,45085541416574235
2019-02-12 00:00:00 UTC,12158807251676191897
2020-05-03 00:00:00 UTC,14637122817166965644
2020-07-08 00:00:00 UTC,15799004907409271202
2016-07-19 00:00:00 UTC,360545949702676845
2017-05-26 00:00:00 UTC,2507329859005568263
2016-09-24 00:00:00 UTC,436137813102483701
2019-05-16 00:00:00 UTC,12864804369084526463
2019-09-13 00:00:00 UTC,14644281032121278254
2015-08-21 00:00:00 UTC,22464805450915457
2017-02-17 00:00:00 UTC,801266619983363090
2018-04-08 00:00:00 UTC,19333338423855649694
2015-10-12 00:00:00 UTC,31634474106827389
2016-06-25 00:00:00 UTC,320566913913911631
2020-09-14 00:00:00 UTC,19934078324592689659
2017-06-10 00:00:00 UTC,3531027552934299201
2019-03-15 00:00:00 UTC,11942850034989111307
2018-06-29 00:00:00 UTC,19476266378468370612
2020-01-13 00:00:00 UTC,13601940031539780273
2020-02-21 00:00:00 UTC,14484231530782747369
2017-12-07 00:00:00 UTC,8585209642387086118
2015-12-28 00:00:00 UTC,43350514678571572
2019-08-02 00:00:00 UTC,14236086192091745367
2019-06-30 00:00:00 UTC,14055958912473747453
2020-04-16 00:00:00 UTC,14686470954941575075
2020-03-08 00:00:00 UTC,15214658394368854793
2016-07-14 00:00:00 UTC,359070137033320642
2017-07-28 00:00:00 UTC,6191513627106552811
2015-11-03 00:00:00 UTC,37287213112664955
2019-12-20 00:00:00 UTC,12611402050732451892
2019-08-09 00:00:00 UTC,14700358232979641470
2015-09-02 00:00:00 UTC,29631701090166424
2020-05-29 00:00:00 UTC,14637768304705580162
2015-09-18 00:00:00 UTC,27636186298600584
2017-12-24 00:00:00 UTC,10901239140165968140
2020-10-07 00:00:00 UTC,21391199017290830430
2019-01-03 00:00:00 UTC,14458893592643028118
2017-04-30 00:00:00 UTC,1878433033201364347
2018-07-21 00:00:00 UTC,19408842339257868352
2017-08-23 00:00:00 UTC,7770328135106660600
2017-12-12 00:00:00 UTC,8894031341468197888
2020-09-17 00:00:00 UTC,20833134121758389564
2017-10-12 00:00:00 UTC,8441098181011080821
2015-09-09 00:00:00 UTC,31227406587391260
2017-01-16 00:00:00 UTC,630218149505886354
2015-08-12 00:00:00 UTC,11309076599492542
2018-08-04 00:00:00 UTC,21404791318409763880
2019-07-11 00:00:00 UTC,14395909684808815000
2018-09-04 00:00:00 UTC,20259891828233798207
2017-04-26 00:00:00 UTC,1741442731708000090
2020-07-01 00:00:00 UTC,14983759097449736753
2018-01-12 00:00:00 UTC,11378259116055373428
2016-10-31 00:00:00 UTC,497499083878679623
2016-07-16 00:00:00 UTC,356293807428664440
2019-01-24 00:00:00 UTC,14266763263947680745
2018-07-13 00:00:00 UTC,20515457677213820882
2018-08-14 00:00:00 UTC,21101609297431485204
2020-05-25 00:00:00 UTC,14393106315033635429
2016-12-13 00:00:00 UTC,499101671967032405
2015-09-13 00:00:00 UTC,34906613568471910
2019-10-30 00:00:00 UTC,15292875268517265129
2019-09-26 00:00:00 UTC,16032394971967410636
2018-08-01 00:00:00 UTC,20603043050256326108
2019-07-19 00:00:00 UTC,14004114972286352579
2017-03-28 00:00:00 UTC,1354337034033351129
2016-04-15 00:00:00 UTC,171509292720730985
2015-10-06 00:00:00 UTC,30164716520965845
2019-12-28 00:00:00 UTC,12826146735152714234
2020-03-12 00:00:00 UTC,14730911285714359849
2019-03-23 00:00:00 UTC,11791831863651763040
2015-11-19 00:00:00 UTC,43830158435864938
2020-02-12 00:00:00 UTC,13988485512039632459
2019-03-09 00:00:00 UTC,12014767982151900719
2017-05-21 00:00:00 UTC,2453865439986717642
2020-05-23 00:00:00 UTC,14807425994425906750
2015-10-31 00:00:00 UTC,39969717884459644
2020-05-10 00:00:00 UTC,14536536319311155618
2015-08-08 00:00:00 UTC,8336665268115218
2017-02-19 00:00:00 UTC,825918413193213995
2019-12-23 00:00:00 UTC,12820855883436156850
2017-06-11 00:00:00 UTC,3582269637297514727
2016-05-14 00:00:00 UTC,219528879352112824
2017-11-08 00:00:00 UTC,9070495887904891351
2019-07-25 00:00:00 UTC,14044436528082114747
2018-01-09 00:00:00 UTC,10805172873617175468
2020-04-10 00:00:00 UTC,14641897315921290974
2015-11-21 00:00:00 UTC,38268747563305946
2020-04-02 00:00:00 UTC,14664974776504797939
2018-11-11 00:00:00 UTC,18867340510369663941
2015-08-09 00:00:00 UTC,8757664951283825
2019-09-25 00:00:00 UTC,15782053551529211114
2017-06-26 00:00:00 UTC,4586931282901933837
2019-06-08 00:00:00 UTC,13084401423827982377
2017-01-05 00:00:00 UTC,548773558922967353
2017-01-08 00:00:00 UTC,574196681685827377
2017-12-10 00:00:00 UTC,8957236322569322926
2018-07-27 00:00:00 UTC,20699938856746728988
2016-10-11 00:00:00 UTC,542600532733150888
2015-12-01 00:00:00 UTC,39981578869494496
2020-06-12 00:00:00 UTC,14806325233640696219
2016-06-20 00:00:00 UTC,304414825443946903
2017-06-29 00:00:00 UTC,4839739428611823035
2016-02-09 00:00:00 UTC,56844995479609611
2020-01-27 00:00:00 UTC,13606297727803377336
2017-09-04 00:00:00 UTC,7914456649220258158
2017-01-11 00:00:00 UTC,599232605127367774
2015-08-13 00:00:00 UTC,12353274736794026
2020-07-21 00:00:00 UTC,14689274471890286382
2019-07-24 00:00:00 UTC,14242903690711581545
2016-06-26 00:00:00 UTC,326157382098361367
2017-09-28 00:00:00 UTC,8271181103407139508
2016-05-16 00:00:00 UTC,222802052483825640
2019-09-03 00:00:00 UTC,14554235664741794864
2015-08-06 00:00:00 UTC,7064409989279349
2016-08-27 00:00:00 UTC,419364428013673128
2017-09-08 00:00:00 UTC,8445415450210535677
2018-12-16 00:00:00 UTC,13422381902265180435
2020-07-12 00:00:00 UTC,15733812675617874295
2017-03-13 00:00:00 UTC,1088616765871936425
2018-06-21 00:00:00 UTC,20296803286809033929
2017-06-05 00:00:00 UTC,3147595787007895736
2018-06-15 00:00:00 UTC,18832277284968499445
2015-11-27 00:00:00 UTC,38648203202247720
2019-04-09 00:00:00 UTC,11905130572476597827
2015-12-22 00:00:00 UTC,44828526947157050
2015-12-07 00:00:00 UTC,38019452819917214
2020-05-01 00:00:00 UTC,15013066879373689604
2020-01-11 00:00:00 UTC,13684300033544724594
2019-12-31 00:00:00 UTC,12595742302398925554
2016-09-03 00:00:00 UTC,407566585539327409
2017-12-06 00:00:00 UTC,8036825808465103598
2018-09-25 00:00:00 UTC,19699480892606141984
2020-08-05 00:00:00 UTC,15840460443382387390
2019-12-16 00:00:00 UTC,14267282472631268014
2019-03-22 00:00:00 UTC,11805578021439458349
2018-01-11 00:00:00 UTC,11269542524867608879
2019-10-20 00:00:00 UTC,15794272048296198270
2017-08-19 00:00:00 UTC,7562339221693334479
2018-09-15 00:00:00 UTC,19040590414976730724
2017-04-05 00:00:00 UTC,1474228875886963646
2019-11-05 00:00:00 UTC,15081406203747730302
2020-08-10 00:00:00 UTC,16680949524873906126
2017-08-13 00:00:00 UTC,6981503134258806130
2016-01-25 00:00:00 UTC,50421295029286814
2016-09-05 00:00:00 UTC,411110431667147783
2018-06-11 00:00:00 UTC,18305698590606593398
2019-04-19 00:00:00 UTC,12135172343789379240
2015-12-24 00:00:00 UTC,42996782402372018
2017-07-30 00:00:00 UTC,6396976570611143784
2015-09-06 00:00:00 UTC,31386418792395509
2018-09-12 00:00:00 UTC,18933273718792353100
2015-08-26 00:00:00 UTC,27953282370934273
2016-10-09 00:00:00 UTC,513866505557790383
2020-01-04 00:00:00 UTC,13647067421135074473
2018-11-08 00:00:00 UTC,18575383090359717814
2016-12-28 00:00:00 UTC,481345192018354318
2015-12-21 00:00:00 UTC,42359922541096726
2018-06-01 00:00:00 UTC,17725021847368718320
2016-12-25 00:00:00 UTC,482499619906183883
2016-06-05 00:00:00 UTC,267625232606657556
2019-09-16 00:00:00 UTC,15230457944596579553
2018-08-09 00:00:00 UTC,21383794597892937263
2019-01-13 00:00:00 UTC,14696867243221406582
2017-12-26 00:00:00 UTC,11180061011381041445
2019-12-21 00:00:00 UTC,12963240980348630845
2019-02-26 00:00:00 UTC,12749817650061379619
2017-08-14 00:00:00 UTC,7145357908224243080
2018-01-07 00:00:00 UTC,10783174261475927875
2020-05-20 00:00:00 UTC,14835567859147297039
2016-09-22 00:00:00 UTC,409824009063275826
2020-01-22 00:00:00 UTC,13534610955492281853
2016-08-20 00:00:00 UTC,384172726539953782
2017-06-24 00:00:00 UTC,4389190333328726696
2020-03-30 00:00:00 UTC,14577182088085683269
2019-06-10 00:00:00 UTC,13093565279961604691
2020-06-17 00:00:00 UTC,14768799362418067155
2019-06-05 00:00:00 UTC,12946850275060242464
2016-11-28 00:00:00 UTC,408738524415872111
2019-10-15 00:00:00 UTC,16181639400034230672
2016-01-20 00:00:00 UTC,47427307865213363
2016-04-07 00:00:00 UTC,146683786472735925
2019-11-27 00:00:00 UTC,14269305822497530377
2020-10-19 00:00:00 UTC,21940922408210987612
2015-09-07 00:00:00 UTC,30643408043021951
2018-05-03 00:00:00 UTC,17978061112495918192
2018-03-07 00:00:00 UTC,18893983109961268651
2019-08-17 00:00:00 UTC,15178719515773700926
2018-11-02 00:00:00 UTC,18234322857377572219
2017-05-17 00:00:00 UTC,2173153561629156230
2020-07-31 00:00:00 UTC,15515427133930223635
