Date, Close/Last, Volume, Open, High, Low
11/6/2020,37.14,381564,38.54,38.61,37.06
11/5/2020,38.79,279316,39.17,38.56,38.4
11/4/2020,39.15,417326,38.15,39.16,38.93
11/3/2020,37.66,390487,37.03,38.23,37.8
11/2/2020,36.81,467629,35.24,37.15,33.64
10/30/2020,35.79,367503,36.07,36.6,35.21
10/29/2020,36.17,533963,37.39,37.76,34.92
10/28/2020,37.39,466151,38.97,37.57,36.97
10/27/2020,39.57,324103,38.59,39.83,38.51
10/26/2020,38.56,341684,39.69,39.74,38.28
10/23/2020,39.85,251057,40.61,40.92,39.57
10/22/2020,40.64,292201,40.04,41.02,39.71
10/21/2020,40.03,346021,41.22,41.59,39.78
10/20/2020,41.46,17399,40.65,41.7,40.25
10/19/2020,40.83,52565,40.69,41.22,40.54
10/16/2020,40.88,83245,40.88,41.05,40.08
10/15/2020,40.96,230737,41.13,41.03,40.92
10/14/2020,41.04,302316,40.19,41.16,39.82
10/13/2020,40.2,330962,39.53,40.28,40.14
10/12/2020,39.43,290338,40.4,40.45,39.04
10/9/2020,40.6,304787,41.31,41.47,40.38
10/8/2020,41.19,379278,39.99,41.33,39.76
10/7/2020,39.95,405108,39.83,40.35,39.28
10/6/2020,40.67,382606,39.35,40.86,39.1
10/5/2020,39.22,354266,37,39.72,37
10/2/2020,37.05,369869,38.6,37.08,36.86
10/1/2020,38.72,415352,39.9,40.47,37.61
9/30/2020,40.22,323219,39.16,40.09,39.81
9/29/2020,39.29,356884,40.58,40.7,38.41
9/28/2020,40.6,212719,40.07,40.8,39.78
9/25/2020,40.25,214146,40.15,40.64,39.71
9/24/2020,40.31,258227,39.6,40.37,39.12
9/23/2020,39.93,298174,39.76,40.72,39.49
9/22/2020,39.6,15651,39.63,40.02,39
9/21/2020,39.31,33734,40.98,41.27,38.66
9/18/2020,41.11,73755,40.97,41.18,40.57
9/17/2020,40.97,262034,40.19,41.22,39.42
9/16/2020,40.16,342971,38.35,40.34,38.35
9/15/2020,38.28,314656,37.28,38.57,37.06
9/14/2020,37.26,309669,37.32,37.68,36.82
9/11/2020,37.33,331966,37.01,37.82,36.67
9/10/2020,37.3,338923,37.8,38.18,36.93
9/9/2020,38.05,428422,36.79,38.45,36.16
9/8/2020,36.76,686873,39.48,39.59,36.13
9/4/2020,39.77,423209,41.25,40.9,39.35
9/3/2020,41.37,393678,41.63,41.79,40.22
9/2/2020,41.51,396996,43.02,43.21,41.23
9/1/2020,42.76,269697,42.83,43.43,42.72
8/31/2020,42.61,219480,42.91,43.57,42.56
8/28/2020,42.97,255609,42.98,43.42,42.69
8/27/2020,43.04,305095,43.45,43.5,42.36
8/26/2020,43.39,249771,43.39,43.78,43
8/25/2020,43.35,316506,42.36,43.57,42.31
8/24/2020,42.62,276796,42.48,42.89,42.23
8/21/2020,42.34,328732,42.75,42.96,41.46
8/20/2020,42.58,17963,42.74,42.79,41.5
8/19/2020,42.93,44996,42.6,43.03,42.36
8/18/2020,42.55,94785,42.79,42.99,42.11
8/17/2020,42.89,187797,42.24,42.97,41.8
8/14/2020,42.01,281945,42.33,42.57,41.62
8/13/2020,42.24,282898,42.57,42.84,42.09
8/12/2020,42.67,359950,41.62,42.9,41.53
8/11/2020,41.61,399369,41.98,42.94,41.48
8/10/2020,41.94,328469,41.5,42.33,41.17
8/7/2020,41.22,365478,41.97,42.22,41.06
8/6/2020,41.95,339186,42.19,42.65,41.61
8/5/2020,42.19,472591,41.56,43.52,41.47
8/4/2020,41.7,427371,40.78,42.08,40.14
8/3/2020,41.01,313783,40.39,41.24,39.58
7/31/2020,40.27,293852,40.34,40.55,39.66
7/30/2020,39.92,457153,41.32,41.39,38.72
7/29/2020,41.27,279638,41.13,41.57,40.93
7/28/2020,41.04,262616,41.65,41.93,40.85
7/27/2020,41.6,364710,41.26,41.82,40.48
7/24/2020,41.29,338941,41.06,41.67,40.66
7/23/2020,41.07,374334,41.95,42.36,40.83
7/22/2020,41.9,319723,41.54,42.03,41.14
7/21/2020,41.96,17724,40.65,42.4,40.64
7/20/2020,40.81,38909,40.64,40.91,39.83
7/17/2020,40.59,72124,40.69,40.9,40.02
7/16/2020,40.75,183794,40.97,41.18,40.52
7/15/2020,41.2,327910,40.55,41.26,40.08
7/14/2020,40.29,389537,40.17,40.55,40.1
7/13/2020,40.1,345391,40.35,40.72,39.47
7/10/2020,40.55,366208,39.58,40.77,38.54
7/9/2020,39.62,345020,40.87,40.99,39.27
7/8/2020,40.9,263558,40.48,41.08,40.3
7/7/2020,40.62,239403,40.68,40.95,39.9
7/6/2020,40.63,273028,40.31,41.08,40.15
7/2/2020,40.65,326235,39.78,40.74,39.46
7/1/2020,39.82,386998,39.77,39.96,39.57
6/30/2020,39.27,349492,39.72,40.08,38.98
6/29/2020,39.7,327055,37.96,39.89,37.5
6/26/2020,38.49,338747,39.09,39.35,37.79
6/25/2020,38.72,437229,38.05,39.23,37.08
6/24/2020,38.01,483384,39.99,40.54,37.31
6/23/2020,40.37,356573,40.68,41.63,39.76
6/22/2020,40.46,18811,39.18,40.7,39.12
6/19/2020,39.75,44183,38.85,40.49,38.4
6/18/2020,38.84,96816,37.74,38.97,37.11
6/17/2020,37.96,225264,37.93,38.75,37.21
6/16/2020,38.38,339007,37.05,39.06,36.38
6/15/2020,37.12,353541,36.03,37.26,34.36
6/12/2020,36.26,380344,36.26,36.99,34.48
6/11/2020,36.34,493629,39.09,39.09,35.41
6/10/2020,39.6,362966,38.5,39.91,37.73
6/9/2020,38.94,370929,38.22,39.1,37.07
6/8/2020,38.19,397386,39.41,40.44,37.96
6/5/2020,39.55,376424,37.33,39.68,37.05
6/4/2020,37.41,289254,36.76,37.62,36.38
6/3/2020,37.29,479243,36.86,38.18,35.88
6/2/2020,36.81,320931,35.56,37.06,35.28
6/1/2020,35.44,366173,35.21,35.9,34.27
5/29/2020,35.49,420891,33.68,35.77,32.36
5/28/2020,33.71,420609,32.1,34.21,31.14
5/27/2020,32.81,401527,34.14,34.32,31.75
5/26/2020,34.35,453480,33.79,34.81,32.48
5/22/2020,33.25,411001,33.95,34,30.72
5/21/2020,33.92,359977,33.53,34.66,33.26
5/20/2020,33.49,392364,31.89,33.78,31.56
5/19/2020,32.5,19099,32.83,33.44,31.34
5/18/2020,31.82,57021,29.53,33.32,29.53
5/15/2020,29.43,85231,27.64,29.92,27.24
5/14/2020,27.56,130795,25.56,27.96,25.18
5/13/2020,25.29,122446,25.3,26.45,24.79
5/12/2020,25.78,160903,24.49,26.23,24.22
5/11/2020,24.14,157369,24.49,25.58,23.67
5/8/2020,24.74,178222,23.35,24.99,23.26
5/7/2020,23.55,288733,24.09,26.74,22.94
5/6/2020,23.99,357184,25.52,26.08,22.58
5/5/2020,24.56,363452,21.24,25.49,21.13
5/4/2020,20.39,286630,19.11,21.42,18.05
5/1/2020,19.78,368386,19.04,20.48,18.07
4/30/2020,18.84,501420,19.23,19.44,18.11
4/29/2020,15.06,510049,13.35,16.78,12.67
4/28/2020,12.34,815946,12.96,13.69,10.07
4/27/2020,12.78,581712,16.84,16.98,11.88
4/24/2020,16.94,565121,16.78,17.97,15.64
4/23/2020,16.5,777155,14.2,18.26,13.35
4/22/2020,13.78,1141771,15.86,15.87,13.49
4/21/2020,9.06,12250,11.35,13.86,8.91
4/20/2020,-37.63,148427,-37.25,-35.2,-40.32
4/17/2020,18.27,213600,20,20.22,17.31
4/16/2020,19.75,319273,20.15,20.53,19.42
4/15/2020,19.87,504320,20.72,20.89,19.2
4/14/2020,20.11,668308,22.36,23.08,19.95
4/13/2020,22.41,676148,23.67,24.57,22.03
4/9/2020,22.76,999324,26.28,28.36,22.57
4/8/2020,25.09,690628,25.78,26.39,24.87
4/7/2020,23.63,686575,26.34,27.24,23.54
4/6/2020,26.08,713558,25.95,28.24,25.63
4/3/2020,28.34,947533,24.81,29.13,23.52
4/2/2020,25.32,1041769,25.87,27.13,23.34
4/1/2020,20.31,663543,20.1,21.55,19.9
3/31/2020,20.48,604605,20.23,21.89,20.01
3/30/2020,20.09,695356,20.93,20.86,19.27
3/27/2020,21.51,551742,23.29,23.44,20.88
3/26/2020,22.6,594194,24.25,24.65,22.38
3/25/2020,24.49,594780,24.37,25.24,22.91
3/24/2020,24.01,633894,23.87,25.16,23.09
3/23/2020,23.36,801593,22.19,24.07,20.8
3/20/2020,22.43,18012,24.73,27.89,19.46
3/19/2020,25.22,78126,22.3,27.71,21.36
3/18/2020,20.37,286707,26.94,27.22,20.06
3/17/2020,26.95,521494,28.69,30.3,26.63
3/16/2020,28.7,663525,28.23,30.42,28.22
3/13/2020,31.73,715399,30.77,33.87,30.33
3/12/2020,31.5,963502,33.07,33.63,30.02
3/11/2020,32.98,824665,34.62,36.35,32.56
3/10/2020,34.36,997569,30.37,35.02,30.2
3/9/2020,31.13,1693652,32.87,34.88,27.34
3/6/2020,41.28,1204734,46.09,46.38,41.05
3/5/2020,45.9,683404,47.45,47.54,45.65
3/4/2020,46.78,724225,46.94,48.41,46.65
3/3/2020,47.18,985670,47.72,48.66,46.47
3/2/2020,46.75,918575,43.7,47.56,43.32
2/28/2020,44.76,1059301,46.49,47.03,43.85
2/27/2020,47.09,980446,46.97,46.99,46.17
2/26/2020,48.73,863928,48.71,48.74,48.59
2/25/2020,49.9,746438,50.14,50.17,49.69
2/24/2020,51.43,739360,51.44,51.46,51.17
2/21/2020,53.38,690203,53.74,53.86,52.55
2/20/2020,53.78,18321,53.5,54.5,53.22
2/19/2020,53.29,78294,52.12,53.66,51.93
2/18/2020,52.12,200409,52.1,52.41,50.88
2/14/2020,52.05,571940,51.51,52.34,51.32
2/13/2020,51.42,694375,51.72,51.96,50.6
2/12/2020,51.17,734341,49.96,51.73,49.95
2/11/2020,49.94,671000,49.61,50.69,49.58
2/10/2020,49.57,663623,50.12,50.49,49.42
2/7/2020,50.32,705408,51.11,51.48,50.09
2/6/2020,50.95,715101,51.17,52.2,50.24
2/5/2020,50.75,849264,49.51,51.88,49.47
2/4/2020,49.61,825721,49.94,51.55,49.31
2/3/2020,50.11,839671,51.01,51.97,49.8
1/31/2020,51.56,790646,52.92,53.36,50.97
1/30/2020,52.14,686601,53.09,53.2,51.66
1/29/2020,53.33,603478,53.97,54.37,52.81
1/28/2020,53.48,609189,52.77,54.06,52.68
1/27/2020,53.14,685508,53.7,53.71,52.13
1/24/2020,54.19,558150,54.25,54.42,54.15
1/23/2020,55.59,670777,56.11,56.27,54.77
1/22/2020,56.74,598300,56.88,57.1,56.03
1/21/2020,58.34,36251,58.8,59.73,57.68
1/17/2020,58.54,90539,58.59,58.98,58.27
1/16/2020,58.52,170200,58.1,58.87,57.56
1/15/2020,57.81,412514,58.2,58.36,57.36
1/14/2020,58.23,471167,58.03,58.72,57.72
1/13/2020,58.08,549744,59.04,59.27,57.91
1/10/2020,59.04,553817,59.61,59.78,58.85
1/9/2020,59.56,712658,59.99,60.31,58.66
1/8/2020,59.61,1157077,59.91,60.46,59.84
1/7/2020,62.7,556048,62.91,63.15,62.11
1/6/2020,63.27,705242,63.71,64.72,62.64
1/3/2020,63.05,852975,61.18,64.09,61.13
1/2/2020,61.18,471119,61.6,61.6,60.64
12/31/2019,61.06,474053,61.68,61.88,60.63
12/30/2019,61.68,406253,61.71,62.34,61.09
12/27/2019,61.72,333129,61.73,61.97,61.24
12/26/2019,61.68,253345,61.2,61.83,61.06
12/24/2019,61.11,190859,60.63,61.16,60.47
12/23/2019,60.52,301631,60.41,60.77,60.1
12/20/2019,60.44,534878,61.11,61.2,60.02
12/19/2019,61.18,417022,60.81,61.4,60.69
12/18/2019,60.93,95329,60.55,61.18,60.32
12/17/2019,60.94,147235,60.23,61.06,60.03
12/16/2019,60.21,306591,59.87,60.34,59.71
12/13/2019,60.07,485594,59.36,60.48,59.27
12/12/2019,59.18,485241,59.46,59.5,59.2
12/11/2019,58.76,555721,58.8,58.87,58.79
12/10/2019,59.24,514628,58.92,59.52,58.52
12/9/2019,59.02,466515,59.11,59.25,58.23
12/6/2019,59.2,637852,58.32,59.85,57.7
12/5/2019,58.33,620670,58.36,59.12,58.1
12/4/2019,58.43,731078,56.43,58.66,56.28
12/3/2019,56.1,540776,55.96,56.8,55.35
12/2/2019,55.96,581647,55.47,56.67,55.42
11/29/2019,55.17,692806,58.2,58.3,55.02
11/27/2019,58.11,432902,58.27,58.68,57.51
11/26/2019,58.41,427362,57.92,58.56,57.76
11/25/2019,58.01,406785,57.92,58.15,57.21
11/22/2019,57.77,480281,58.31,58.74,57.5
11/21/2019,58.58,570480,57,58.67,56.6
11/20/2019,57.11,20010,55.16,57.25,54.76
11/19/2019,55.21,76021,56.9,57.11,55.04
11/18/2019,57.05,137000,57.88,58.09,56.55
11/15/2019,57.72,350171,57.75,57.94,57.59
11/14/2019,56.77,487284,57.39,57.79,56.63
11/13/2019,57.12,515248,57.19,57.52,57.17
11/12/2019,56.8,545060,56.89,57.55,56.54
11/11/2019,56.86,462661,57.4,57.4,56.25
11/8/2019,57.24,589272,57.08,57.48,55.76
11/7/2019,57.15,633837,56.84,57.1,56.83
11/6/2019,56.35,588671,56.34,56.58,56.29
11/5/2019,57.23,411763,56.56,57.5,56.3
11/4/2019,56.54,551001,56.41,57.43,55.83
11/1/2019,56.2,514826,54.15,56.33,54.07
10/31/2019,54.18,645900,54.9,55.59,53.71
10/30/2019,55.06,630266,55.53,55.73,54.42
10/29/2019,55.54,505147,55.8,55.91,54.61
10/28/2019,55.81,417828,56.65,56.92,55.58
10/25/2019,56.66,418474,56.71,56.74,56.57
10/24/2019,56.23,459548,55.9,56.51,55.41
10/23/2019,55.97,600372,54.3,56.07,53.62
10/22/2019,54.16,23001,53.39,54.62,53.1
10/21/2019,53.31,63794,53.71,54.03,52.71
10/18/2019,53.78,156871,54.09,54.62,53.35
10/17/2019,53.93,405330,52.99,54.16,52.62
10/16/2019,53.36,432727,52.92,53.74,52.51
10/15/2019,52.81,484794,53.51,53.79,52.39
10/14/2019,53.59,450419,54.9,54.9,52.77
10/11/2019,54.7,697084,53.88,54.93,53.64
10/10/2019,53.55,576127,52.69,53.97,51.38
10/9/2019,52.59,585947,52.58,52.75,52.51
10/8/2019,52.63,614888,52.81,53.27,51.81
10/7/2019,52.75,510780,52.76,53.07,52.71
10/4/2019,52.81,515324,52.29,53.35,52.04
10/3/2019,52.45,610390,52.47,52.91,50.99
10/2/2019,52.64,556072,54,54.42,52.17
10/1/2019,53.62,555107,54.28,54.84,53.05
9/30/2019,54.07,504623,56.54,56.57,53.98
9/27/2019,55.91,689324,56.51,56.76,54.75
9/26/2019,56.41,576648,56.69,56.84,55.41
9/25/2019,56.49,539689,56.7,57.02,55.55
9/24/2019,57.29,570224,58.44,58.49,56.69
9/23/2019,58.64,511511,59.25,59.39,57.37
9/20/2019,58.09,20652,58.65,59.1,57.79
9/19/2019,58.13,77410,58.2,59.54,58.01
9/18/2019,58.11,202008,58.14,58.27,58.05
9/17/2019,59.34,973374,61.25,61.29,58.46
9/16/2019,62.9,1372105,62.35,63.38,61.45
9/13/2019,54.85,563398,55.15,55.68,54.44
9/12/2019,55.09,808312,55.93,56.34,54
9/11/2019,55.75,820839,57.89,58.3,55.61
9/10/2019,57.4,718610,58.03,58.76,57.2
9/9/2019,57.85,607021,56.8,58.16,56.58
9/6/2019,56.52,686478,56.19,56.95,54.83
9/5/2019,56.3,689882,55.95,57.76,55.75
9/4/2019,56.26,651510,53.92,56.58,53.84
9/3/2019,53.94,940004,54.8,55.24,52.84
8/30/2019,55.16,679847,55.07,55.16,55
8/29/2019,56.71,609609,55.88,56.89,55.43
8/28/2019,55.78,652574,55.71,56.75,55.34
8/27/2019,54.93,582245,53.76,55.72,53.69
8/26/2019,53.64,665088,53.25,55.26,52.96
8/23/2019,54.17,790876,55.35,55.6,53.24
8/22/2019,55.35,607226,55.94,56.46,54.85
8/21/2019,55.68,688659,56.05,57.13,55.55
8/20/2019,56.34,29321,56.1,56.6,55.28
8/19/2019,56.21,75923,54.96,56.41,54.84
8/16/2019,54.87,149723,54.74,55.67,54.26
8/15/2019,54.47,504364,54.9,55.33,53.77
8/14/2019,55.23,699321,56.74,56.85,53.97
8/13/2019,57.1,740863,54.73,57.47,54.21
8/12/2019,54.93,574972,54.32,55.18,53.54
8/9/2019,54.5,684278,52.88,54.92,52.37
8/8/2019,52.54,681903,52.33,53.06,51.94
8/7/2019,51.09,1009229,53.42,53.77,50.52
8/6/2019,53.63,651703,54.95,55.42,53.29
8/5/2019,54.69,796567,55.38,55.61,54.22
8/2/2019,55.66,709609,54.54,56.05,54.15
8/1/2019,53.95,854993,57.85,57.99,53.59
7/31/2019,58.58,592538,58.34,58.82,57.81
7/30/2019,58.05,528430,57.07,58.47,56.96
7/29/2019,56.87,516033,56.2,57.1,55.81
7/26/2019,56.2,462109,55.93,56.57,55.68
7/25/2019,56.02,546743,55.9,56.99,55.81
7/24/2019,55.88,725189,57.23,57.64,55.33
7/23/2019,56.77,508094,56.17,57.47,55.74
7/22/2019,56.22,599949,56.2,57.04,55.83
7/19/2019,55.63,72057,55.72,56.36,54.99
7/18/2019,55.3,195257,56.6,57.32,54.72
7/17/2019,56.78,488728,57.52,58.36,56.21
7/16/2019,57.62,697080,59.26,60.06,57.07
7/15/2019,59.58,544793,60.25,60.92,59.2
7/12/2019,60.21,448113,60.46,60.74,59.93
7/11/2019,60.2,544988,60.44,60.94,60.14
7/10/2019,60.43,658286,58.4,60.53,58.35
7/9/2019,57.83,518258,57.56,59.1,57.29
7/8/2019,57.66,510184,57.77,58.46,57.3
7/5/2019,57.51,681543,56.75,57.82,56.29
7/3/2019,57.34,198678,57.38,57.57,56.47
7/2/2019,56.25,859447,59.14,59.43,56.09
7/1/2019,59.09,658177,59.27,60.28,58.34
6/28/2019,58.47,530558,59.22,59.8,57.75
6/27/2019,59.43,516845,59.27,59.73,58.61
6/26/2019,59.38,664001,58.84,59.93,58.65
6/25/2019,57.83,658266,57.74,58.84,57.2
6/24/2019,57.9,580364,57.72,58.22,56.75
6/21/2019,57.43,656043,57.26,57.98,56.66
6/20/2019,56.65,19128,54.12,57.02,54.11
6/19/2019,53.76,88202,54.09,54.42,53.28
6/18/2019,53.9,160423,51.95,54.31,51.5
6/17/2019,51.93,373628,52.5,52.74,51.58
6/14/2019,52.51,551561,52.18,52.98,51.7
6/13/2019,52.28,906394,51.07,53.45,50.92
6/12/2019,51.14,751946,53.04,53.05,50.72
6/11/2019,53.27,609096,53.43,54.04,52.91
6/10/2019,53.26,650338,54.24,54.84,53.05
6/7/2019,53.99,788177,53.1,54.32,52.62
6/6/2019,52.59,763047,51.66,53.3,51.17
6/5/2019,51.68,918268,52.86,53.41,50.6
6/4/2019,53.48,805973,52.89,53.78,52.43
6/3/2019,53.25,958962,53.42,54.63,52.11
5/31/2019,53.5,995499,56.46,56.61,53.05
5/30/2019,56.59,820325,59.12,59.7,56.33
5/29/2019,58.81,1097970,59.07,59.14,56.88
5/28/2019,59.14,1000943,59.23,59.57,58.13
5/24/2019,58.63,257054,58.94,59.27,58.13
5/23/2019,57.91,1080278,61.31,61.41,57.33
5/22/2019,61.42,746245,62.95,63,61.03
5/21/2019,62.99,20571,63.22,63.6,62.75
5/20/2019,63.1,85611,62.93,63.81,62.45
5/17/2019,62.76,193756,63.12,63.64,62.52
5/16/2019,62.87,525262,62.12,63.48,62.08
5/15/2019,62.02,698909,61.37,62.34,60.85
5/14/2019,61.78,729875,60.86,62.11,60.69
5/13/2019,61.04,966475,61.65,63.33,60.64
5/10/2019,61.66,756944,61.64,62.49,61.42
5/9/2019,61.7,740872,62.02,62.21,60.92
5/8/2019,62.12,758927,61.44,62.37,61.07
5/7/2019,61.4,809835,62.17,62.49,60.66
5/6/2019,62.25,753071,61.43,62.95,60.04
5/3/2019,61.94,628920,61.55,62.52,61.3
5/2/2019,61.81,888385,63.61,63.68,60.95
5/1/2019,63.6,660097,63.4,63.93,62.77
4/30/2019,63.91,729321,63.58,64.75,63.3
4/29/2019,63.5,632742,62.95,63.69,62.46
4/26/2019,63.3,975317,65.13,65.18,62.28
4/25/2019,65.21,589388,65.81,66.28,64.9
4/24/2019,65.89,663654,66.17,66.43,65.66
4/23/2019,66.3,683418,65.75,66.6,65.58
4/22/2019,65.7,22417,64,65.92,64
4/18/2019,64,114864,63.75,64.16,63.46
4/17/2019,63.76,219257,64.32,64.61,63.66
4/16/2019,64.05,531450,63.57,64.37,62.99
4/15/2019,63.4,537492,63.76,63.84,63.03
4/12/2019,63.89,611650,63.71,64.65,63.66
4/11/2019,63.58,726314,64.48,64.49,63.31
4/10/2019,64.61,682909,64.22,64.7,64.05
4/9/2019,63.98,753429,64.4,64.79,63.68
4/8/2019,64.4,858832,63.33,64.48,63.13
4/5/2019,63.08,657438,62.18,63.34,61.82
4/4/2019,62.1,669007,62.5,62.77,61.89
4/3/2019,62.46,778810,62.64,62.99,62.05
4/2/2019,62.58,773128,61.81,62.75,61.6
4/1/2019,61.59,650838,60.24,61.8,60.13
3/29/2019,60.14,675926,59.53,60.73,59.41
3/28/2019,59.3,696292,59.4,59.56,58.2
3/27/2019,59.41,715284,60.03,60.22,58.81
3/26/2019,59.94,665326,59.12,60.38,59.04
3/25/2019,58.82,688637,58.98,59.35,58.17
3/22/2019,59.04,718182,59.87,60.07,58.28
3/21/2019,59.98,635543,59.99,60.39,59.66
3/20/2019,60.23,773212,59.29,60.28,58.56
3/19/2019,59.03,82220,59.01,59.57,58.62
3/18/2019,59.09,145125,58.45,59.23,58.05
3/15/2019,58.52,490637,58.51,58.95,57.74
3/14/2019,58.61,545052,58.35,58.74,58
3/13/2019,58.26,575441,57.09,58.48,57.01
3/12/2019,56.87,631109,56.76,57.55,56.74
3/11/2019,56.79,564424,56.07,57.01,55.96
3/8/2019,56.07,713327,56.43,56.51,54.52
3/7/2019,56.66,594177,56.2,56.99,56.08
3/6/2019,56.22,618141,56.28,56.4,55.42
3/5/2019,56.56,525368,56.45,57.19,56.09
3/4/2019,56.59,531124,55.83,57,55.81
3/1/2019,55.8,663429,57.22,57.88,55.57
2/28/2019,57.22,485958,57,57.43,56.43
2/27/2019,56.94,558995,55.95,57.39,55.72
2/26/2019,55.5,528757,55.46,56.08,55.02
2/25/2019,55.48,703837,57.17,57.53,55.08
2/22/2019,57.26,494569,56.84,57.81,56.71
2/21/2019,56.96,532562,57.24,57.61,56.64
2/20/2019,56.92,23631,55.94,57.55,55.48
2/19/2019,56.09,119931,56.06,56.33,55.29
2/15/2019,55.59,47155,55.78,56.33,55.72
2/14/2019,54.41,599822,53.96,54.68,53.08
2/13/2019,53.9,672534,53.35,54.6,53.27
2/12/2019,53.1,666903,52.47,54.05,52.29
2/11/2019,52.41,706196,52.66,52.78,51.23
2/8/2019,52.72,581235,52.59,52.99,52.08
2/7/2019,52.64,702996,53.94,54.21,51.8
2/6/2019,54.01,582563,53.73,54.3,52.86
2/5/2019,53.66,595322,54.86,55.21,53.47
2/4/2019,54.56,605312,55.32,55.75,53.29
2/1/2019,55.26,659331,54.01,55.66,53.37
1/31/2019,53.79,701425,54.28,55.37,53.62
1/30/2019,54.23,706492,53.24,54.93,53.09
1/29/2019,53.31,645552,52.12,53.93,51.84
1/28/2019,51.99,628977,53.56,53.64,51.33
1/25/2019,53.69,572353,53.17,53.94,52.91
1/24/2019,53.13,696818,52.45,53.47,52.07
1/23/2019,52.62,685045,52.95,53.64,51.86
1/22/2019,52.57,39659,53.73,54.24,51.8
1/18/2019,53.8,18766,53.73,54.24,53.33
1/17/2019,52.07,275863,52.3,52.58,50.98
1/16/2019,52.31,673870,52,52.52,51.26
1/15/2019,52.11,643556,50.78,52.3,50.64
1/14/2019,50.51,759245,51.73,52.11,50.38
1/11/2019,51.59,775871,52.28,53.31,51.18
1/10/2019,52.59,786678,52.18,52.78,51.37
1/9/2019,52.36,848871,49.8,52.58,49.71
1/8/2019,49.78,726571,48.73,49.95,48.31
1/7/2019,48.52,801346,48.3,49.79,48.11
1/4/2019,47.96,796007,46.9,49.22,46.65
1/3/2019,47.09,770128,46.26,47.49,45.35
1/2/2019,46.54,830833,45.8,47.78,44.35
12/31/2018,45.41,460064,45.22,46.53,44.73
12/28/2018,45.33,545343,45.44,46.22,44.42
12/27/2018,44.61,644307,46.58,46.7,44.37
12/26/2018,46.22,675244,42.85,47,42.52
12/24/2018,42.53,399753,45.45,46.24,42.36
12/21/2018,45.59,671666,46.25,46.77,45.13
12/20/2018,45.88,768371,47.39,47.51,45.67
12/19/2018,47.2,24967,45.93,48,45.93
12/18/2018,46.24,80916,49.16,49.59,45.79
12/17/2018,49.88,190278,51.25,51.87,49.01
12/14/2018,51.2,507143,52.83,52.95,50.84
12/13/2018,52.58,695086,51.2,53.27,50.35
12/12/2018,51.15,689410,51.95,52.88,50.94
12/11/2018,51.65,628303,50.89,52.43,50.7
12/10/2018,51,691416,52.03,52.81,50.53
12/7/2018,52.61,942216,51.76,54.22,50.6
12/6/2018,51.49,954346,52.93,53.3,50.08
12/5/2018,52.89,609171,52.59,54.44,52.16
12/4/2018,53.25,718189,53.13,54.55,52.43
12/3/2018,52.95,735689,52.45,53.85,52.03
11/30/2018,50.93,774181,51.27,51.79,49.65
11/29/2018,51.45,792208,50.31,52.2,49.41
11/28/2018,50.29,810458,52.09,52.56,50.06
11/27/2018,51.56,744480,51.54,52.38,50.3
11/26/2018,51.63,635223,50.62,52.25,50.1
11/23/2018,50.42,990480,53.87,54.82,50.15
11/21/2018,54.63,268080,54.66,54.82,53.52
11/20/2018,53.43,962490,57.39,57.44,52.77
11/19/2018,56.76,24168,56.72,57.33,55.08
11/16/2018,56.46,106913,56.58,57.96,55.89
11/15/2018,56.46,229899,56.02,57.26,55.59
11/14/2018,56.25,802420,55.27,57.37,55.13
11/13/2018,55.69,1055720,58.88,59.35,54.75
11/12/2018,59.93,760276,60.7,61.28,58.68
11/9/2018,60.19,790525,60.75,60.79,59.26
11/8/2018,60.67,720850,61.64,62.42,60.4
11/7/2018,61.67,831806,61.74,63.18,61.2
11/6/2018,62.21,735088,62.7,63.32,61.31
11/5/2018,63.1,583392,62.99,64.14,62.52
11/2/2018,63.14,682928,63.5,63.95,62.63
11/1/2018,63.69,770628,64.88,65.39,63.11
10/31/2018,65.31,647230,66.32,67,64.81
10/30/2018,66.18,657444,66.68,67.26,65.33
10/29/2018,67.04,463531,67.55,67.95,66.29
10/26/2018,67.59,581894,66.95,67.88,66.2
10/25/2018,67.33,553482,66.36,67.65,65.99
10/24/2018,66.82,751582,66.17,67.72,66.05
10/23/2018,66.43,827457,69.55,69.66,65.74
10/22/2018,69.17,16209,69.41,69.65,68.27
10/19/2018,69.12,70005,68.68,69.77,68.56
10/18/2018,68.65,199036,70.03,70.03,68.47
10/17/2018,69.75,630978,72.17,72.43,69.43
10/16/2018,71.92,513070,71.72,72.29,71.02
10/15/2018,71.78,550494,71.85,72.7,70.85
10/12/2018,71.34,613269,70.99,72.01,70.64
10/11/2018,70.97,747249,72.68,72.76,70.51
10/10/2018,73.17,621486,74.66,75.08,72.38
10/9/2018,74.96,596153,74.21,75.28,74
10/8/2018,74.29,525086,74.4,74.58,73.07
10/5/2018,74.34,585282,74.67,75.22,73.83
10/4/2018,74.33,667687,76.18,76.47,73.88
10/3/2018,76.41,682891,75.12,76.9,74.3
10/2/2018,75.23,448368,75.42,75.91,74.93
10/1/2018,75.3,583388,73.29,75.77,72.95
9/28/2018,73.25,522640,72.18,73.73,71.88
9/27/2018,72.12,437272,72.01,72.6,71.71
9/26/2018,71.57,448076,72.09,72.38,71.47
9/25/2018,72.28,531833,72.25,72.78,71.89
9/24/2018,72.08,555155,71.14,72.74,71.14
9/21/2018,70.78,836559,70.2,71.8,69.98
9/20/2018,70.8,20406,71.39,71.81,70.73
9/19/2018,71.12,92303,69.71,71.5,69.65
9/18/2018,69.85,214023,68.8,70.42,68.53
9/17/2018,68.91,403529,68.93,69.72,68.53
9/14/2018,68.99,577155,68.79,69.91,67.94
9/13/2018,68.59,652211,70.24,70.28,68.35
9/12/2018,70.37,777757,69.89,71.26,69.5
9/11/2018,69.25,647422,67.53,70.01,67.48
9/10/2018,67.54,536478,67.82,68.52,67.33
9/7/2018,67.75,505215,67.88,68.08,66.86
9/6/2018,67.77,611679,68.64,69.02,67
9/5/2018,68.72,520989,69.43,69.59,68.56
9/4/2018,69.87,771579,70.12,71.4,69.08
8/31/2018,69.8,143477,69.89,70.21,69.53
8/30/2018,70.25,425788,69.71,70.5,69.55
8/29/2018,69.51,483736,68.54,69.76,68.37
8/28/2018,68.53,416195,68.93,69.2,68.21
8/27/2018,68.87,321269,68.57,68.97,68.34
8/24/2018,68.72,501568,67.9,69.31,67.78
8/23/2018,67.83,437663,68.07,68.12,67.32
8/22/2018,67.86,562307,66.08,68.15,65.98
8/21/2018,67.35,19352,66.62,68.1,66.52
8/20/2018,66.43,77015,65.91,66.68,65.59
8/17/2018,65.91,152081,65.47,66.39,65.3
8/16/2018,65.46,363173,64.95,65.52,64.43
8/15/2018,65.01,552757,66.62,66.9,64.51
8/14/2018,67.04,520586,67.42,68.37,66.58
8/13/2018,67.2,552021,67.78,67.95,65.71
8/10/2018,67.63,488222,66.74,67.87,66.14
8/9/2018,66.81,474665,66.79,67.41,66.49
8/8/2018,66.94,718912,69.09,69.37,66.32
8/7/2018,69.17,449468,68.9,69.83,68.81
8/6/2018,69.01,480118,68.65,69.92,68.5
8/3/2018,68.49,459452,68.99,69.24,67.87
8/2/2018,68.96,514822,67.86,69.36,66.92
8/1/2018,67.66,560487,68.43,68.52,67.31
7/31/2018,68.76,501303,70.05,70.22,67.98
7/30/2018,70.13,447536,69.01,70.43,68.8
7/27/2018,68.69,443476,69.58,69.77,68.26
7/26/2018,69.61,474198,69.38,69.92,68.92
7/25/2018,69.3,609263,68.77,69.7,68.2
7/24/2018,68.52,510486,67.8,69.05,67.56
7/23/2018,67.89,540467,68.17,69.31,67.6
7/20/2018,68.26,17771,69.39,71.1,69.37
7/19/2018,69.46,68501,69,70.17,67.8
7/18/2018,68.76,170028,67.61,69.06,67.04
7/17/2018,68.08,412805,68.03,68.44,67.03
7/16/2018,68.06,509747,70.52,70.87,67.58
7/13/2018,71.01,509080,70.38,71.66,69.84
7/12/2018,70.33,689519,70.6,71.24,69.23
7/11/2018,70.38,824269,74.2,74.26,70.02
7/10/2018,74.11,555311,74.04,74.7,73.65
7/9/2018,73.85,503177,73.87,74.28,72.99
7/6/2018,73.8,586470,73.16,74.01,72.14
7/5/2018,72.94,825300,74.35,74.9,72.53
7/3/2018,74.14,229260,74.23,74.9,73.5
7/2/2018,73.94,634439,73.62,74.35,72.51
6/29/2018,74.15,583319,73.33,74.46,72.93
6/28/2018,73.45,695499,72.27,74.03,72.2
6/27/2018,72.76,753845,70.68,73.06,70.56
6/26/2018,70.53,830608,68.21,70.91,67.72
6/25/2018,68.08,803539,68.75,69.44,67.78
6/22/2018,68.58,1110632,65.93,69.38,65.71
6/21/2018,65.54,746002,65.34,66.22,64.34
6/20/2018,66.22,23659,65.11,66.53,65.01
6/19/2018,65.07,89717,65.82,65.9,64.39
6/18/2018,65.85,202765,64.4,65.98,63.59
6/15/2018,65.06,477500,67,67.09,64.29
6/14/2018,66.89,438091,66.62,67.16,66.36
6/13/2018,66.64,581934,66.01,66.89,65.52
6/12/2018,66.36,491800,66.05,66.7,65.87
6/11/2018,66.1,523055,65.56,66.35,64.85
6/8/2018,65.74,533171,65.98,66.24,65.15
6/7/2018,65.95,636315,65.07,66.07,64.81
6/6/2018,64.73,684475,65.51,65.96,64.27
6/5/2018,65.52,698157,64.94,65.57,64.22
6/4/2018,64.75,673684,65.71,66.04,64.57
6/1/2018,65.81,761738,67.07,67.34,65.51
5/31/2018,67.04,898238,68.24,68.3,66.56
5/30/2018,68.21,706987,66.85,68.67,66.35
5/29/2018,66.73,1039530,66.49,67.55,65.8
5/25/2018,67.88,318852,67.55,67.55,65.8
5/24/2018,70.71,628397,71.83,72,70.52
5/23/2018,71.84,693148,72.11,72.26,71.19
5/22/2018,72.2,711647,72.62,72.9,71.82
5/21/2018,72.24,79058,71.47,72.59,71.25
5/18/2018,71.28,195178,71.6,71.75,70.99
5/17/2018,71.49,541055,71.56,72.3,71.09
5/16/2018,71.49,554941,71.02,71.59,70.66
5/15/2018,71.31,784348,71.15,71.92,70.42
5/14/2018,70.96,568001,70.54,71.26,70.26
5/11/2018,70.7,604420,71.45,71.63,70.45
5/10/2018,71.36,722160,71.23,71.89,70.56
5/9/2018,71.14,824627,70.05,71.36,69.85
5/8/2018,69.06,1216818,70.03,70.4,67.63
5/7/2018,70.73,729572,69.85,70.84,69.51
5/4/2018,69.72,673336,68.5,69.97,68.12
5/3/2018,68.43,680114,67.68,68.6,67.21
5/2/2018,67.93,775070,67.49,68.14,66.92
5/1/2018,67.25,677812,68.56,68.9,66.85
4/30/2018,68.57,736814,68.15,69.34,67.17
4/27/2018,68.1,521752,68.21,68.36,67.64
4/26/2018,68.19,648550,68.03,68.78,67.71
4/25/2018,68.05,751427,67.75,68.18,67.11
4/24/2018,67.7,813881,68.95,69.38,67.54
4/23/2018,68.64,712872,68.22,69.03,67.14
4/20/2018,68.4,22739,68.26,68.62,67.5
4/19/2018,68.29,89450,68.75,69.56,67.98
4/18/2018,68.47,207210,66.68,68.91,66.56
4/17/2018,66.52,472785,66.42,66.75,65.56
4/16/2018,66.22,543828,67.24,67.74,66.13
4/13/2018,67.39,605619,67.18,67.76,66.7
4/12/2018,67.07,657000,66.75,67.33,66
4/11/2018,66.82,923815,65.59,67.45,65.15
4/10/2018,65.51,795630,63.3,65.86,63.2
4/9/2018,63.42,616253,62,63.61,61.93
4/6/2018,62.06,702077,63.7,63.79,61.81
4/5/2018,63.54,575864,63.6,64.12,63.07
4/4/2018,63.37,744010,63.59,63.64,62.06
4/3/2018,63.51,508537,62.89,63.86,62.86
4/2/2018,63.01,567607,64.91,65.42,62.8
3/29/2018,64.94,535282,64.69,65.26,64.16
3/28/2018,64.38,678843,64.7,65.13,63.72
3/27/2018,65.25,654651,65.53,66.41,64.53
3/26/2018,65.55,570680,65.9,66.55,65.08
3/23/2018,65.88,729028,64.28,66,64.11
3/22/2018,64.3,670939,65.5,65.74,64.14
3/21/2018,65.17,743982,63.72,65.55,63.58
3/20/2018,63.4,26171,62.1,63.81,62.08
3/19/2018,62.06,82779,62.23,62.35,61.36
3/16/2018,62.34,183779,61.19,62.54,61.08
3/15/2018,61.19,410630,60.95,61.54,60.82
3/14/2018,60.96,644826,60.87,61.33,60.11
3/13/2018,60.71,715240,61.37,61.97,60.27
3/12/2018,61.36,514573,62.1,62.33,60.67
3/9/2018,62.04,622050,60.27,62.18,60.14
3/8/2018,60.12,682133,61.33,61.4,59.95
3/7/2018,61.15,841910,62.3,62.58,60.58
3/6/2018,62.6,609507,62.58,63.28,62.17
3/5/2018,62.57,587885,61.55,62.79,61.1
3/2/2018,61.25,598959,61.34,61.6,60.13
3/1/2018,60.99,798419,61.55,61.83,60.18
2/28/2018,61.64,747504,62.79,63.44,61.36
2/27/2018,63.01,549537,64.06,64.08,62.64
2/26/2018,63.91,459462,63.6,64.24,63.06
2/23/2018,63.55,447649,62.6,63.73,62.33
2/22/2018,62.77,579428,61.34,63.09,60.75
2/21/2018,61.68,458438,61.63,61.86,60.92
2/20/2018,61.9,40936,62.5,62.74,61.58
2/16/2018,61.68,3363,61.63,62.52,61.63
2/15/2018,61.34,316242,60.71,61.64,59.72
2/14/2018,60.6,626751,58.98,60.9,58.2
2/13/2018,59.19,552427,59.35,59.73,58.39
2/12/2018,59.29,699404,59.12,60.83,59.1
2/9/2018,59.2,878528,60.43,60.77,58.07
2/8/2018,61.15,882388,61.7,62.09,60.27
2/7/2018,61.79,975908,63.92,64.18,61.25
2/6/2018,63.39,773274,63.43,64.29,63.12
2/5/2018,64.15,872742,65.1,65.4,63.42
2/2/2018,65.45,836409,65.99,66.3,64.47
2/1/2018,65.8,668623,64.76,66.25,64.63
1/31/2018,64.73,594354,64.03,64.94,63.67
1/30/2018,64.5,669430,65.53,65.56,63.89
1/29/2018,65.56,640550,66.18,66.46,64.98
1/26/2018,66.14,664321,65.25,66.35,64.91
1/25/2018,65.51,751913,65.88,66.66,65.08
1/24/2018,65.61,868414,64.42,66.05,64.34
1/23/2018,64.47,646028,63.88,64.88,63.7
1/22/2018,63.49,29710,63.61,64.14,63.17
1/19/2018,63.37,95546,63.74,63.77,62.85
1/18/2018,63.95,185978,64.07,64.35,63.47
1/17/2018,63.97,427119,63.89,64.17,63.31
1/16/2018,63.73,841948,64.8,64.89,63.39
1/12/2018,64.3,17427,64.43,64.45,64.18
1/11/2018,63.8,831247,63.5,64.77,63.43
1/10/2018,63.57,660128,63.41,63.67,63.09
1/9/2018,62.96,802667,61.92,63.48,61.8
1/8/2018,61.73,569682,61.61,61.97,61.34
1/5/2018,61.44,546178,61.9,62.04,61.09
1/4/2018,62.01,636530,61.96,62.21,61.59
1/3/2018,61.63,659380,60.39,61.97,60.28
1/2/2018,60.37,493673,60.2,60.74,60.1
12/29/2017,60.42,437842,59.91,60.51,59.82
12/28/2017,59.84,330877,59.53,59.94,59.44
12/27/2017,59.64,386699,59.79,59.93,59.33
12/26/2017,59.97,424001,58.4,60.01,58.32
12/22/2017,58.47,305799,58.21,58.5,57.87
12/21/2017,58.36,391675,58.02,58.38,57.63
12/20/2017,58.09,410808,57.66,58.12,57.44
12/19/2017,57.46,25737,57.3,57.64,57.16
12/18/2017,57.16,93628,57.37,57.78,56.82
12/15/2017,57.3,193136,57.15,57.49,56.94
12/14/2017,57.04,556094,56.7,57.22,56.09
12/13/2017,56.6,615421,57.45,57.83,56.55
12/12/2017,57.14,786025,58.02,58.56,56.85
12/11/2017,57.99,571952,57.25,58.08,56.91
12/8/2017,57.36,630395,56.65,57.79,56.54
12/7/2017,56.69,505307,56,56.78,55.82
12/6/2017,55.96,645773,57.45,57.57,55.87
12/5/2017,57.62,474688,57.48,57.92,57.08
12/4/2017,57.47,510174,58.32,58.34,57.35
12/1/2017,58.36,658486,57.42,58.88,57.29
11/30/2017,57.4,718897,57.41,57.98,56.82
11/29/2017,57.3,725413,57.73,58.3,56.75
11/28/2017,57.99,526879,57.86,58.11,57.42
11/27/2017,58.11,673114,58.95,58.99,57.55
11/24/2017,58.95,560402,58.54,59.05,57.75
11/22/2017,58.02,14456,58.05,58.06,57.85
11/21/2017,56.83,608997,56.38,57.22,56.32
11/20/2017,56.09,26588,56.69,56.76,55.57
11/17/2017,56.55,133497,55.25,56.68,55.18
11/16/2017,55.14,196871,55.3,55.62,54.93
11/15/2017,55.33,465842,55.06,55.56,54.88
11/14/2017,55.7,667148,56.72,56.77,54.81
11/13/2017,56.76,583564,56.9,57.15,56.3
11/10/2017,56.74,501547,57.02,57.35,56.55
11/9/2017,57.17,8426,57.02,57.08,56.97
11/8/2017,56.81,865225,56.96,57.92,56.41
11/7/2017,57.2,707201,57.27,57.69,56.83
11/6/2017,57.35,827403,55.97,57.61,55.66
11/3/2017,55.64,594561,54.73,55.76,54.4
11/2/2017,54.54,470535,54.28,54.84,53.99
11/1/2017,54.3,650283,54.65,55.22,53.89
10/31/2017,54.38,476054,54.08,54.85,53.93
10/30/2017,54.15,536437,54.16,54.46,53.75
10/27/2017,53.9,710004,52.8,54.2,52.25
10/26/2017,52.64,576176,52.19,52.86,51.91
10/25/2017,52.18,660317,52.56,52.57,51.89
10/24/2017,52.47,698610,51.89,52.62,51.55
10/23/2017,51.9,571023,52.07,52.3,51.68
10/20/2017,51.84,22827,51.42,51.73,50.7
10/19/2017,51.29,92289,52.05,52.17,51.07
10/18/2017,52.04,139277,51.94,52.33,51.69
10/17/2017,51.88,451871,51.93,52.25,51.21
10/16/2017,51.87,495380,51.43,52.37,51.35
10/13/2017,51.45,645106,50.73,51.72,50.7
10/12/2017,50.6,691231,51,51.13,50.15
10/11/2017,51.3,595347,50.94,51.42,50.61
10/10/2017,50.92,607535,49.55,51.06,49.54
10/9/2017,49.58,463682,49.25,49.79,49.13
10/6/2017,49.29,682457,50.75,50.82,49.1
10/5/2017,50.79,635857,49.88,51.22,49.85
10/4/2017,49.98,587351,50.16,50.67,49.76
10/3/2017,50.42,450807,50.59,50.73,50.14
10/2/2017,50.58,584308,51.64,51.71,50.07
9/29/2017,51.67,534706,51.58,51.77,51.25
9/28/2017,51.56,782816,52.05,52.86,51.22
9/27/2017,52.14,616477,52.09,52.34,51.63
9/26/2017,51.88,690420,52.12,52.43,51.43
9/25/2017,52.22,678080,50.68,52.28,50.39
9/22/2017,50.66,457522,50.73,50.78,50.29
9/21/2017,50.55,561077,50.72,50.81,50.07
9/20/2017,50.41,25215,49.84,50.65,49.75
9/19/2017,49.48,97405,49.91,50.42,49.33
9/18/2017,49.91,170501,49.85,50.33,49.19
9/15/2017,49.89,408521,49.72,50.13,49.41
9/14/2017,49.89,664641,49.31,50.5,49.15
9/13/2017,49.3,664999,48.34,49.4,48.12
9/12/2017,48.23,635913,48.12,48.44,47.73
9/11/2017,48.07,723582,47.58,48.27,47
9/8/2017,47.48,787967,49.09,49.26,47.27
9/7/2017,49.09,667540,49.14,49.33,48.63
9/6/2017,49.16,755272,48.59,49.42,48.52
9/5/2017,48.66,1014888,47.39,48.98,47.15
9/1/2017,47.29,27887,47.28,47.51,47.23
8/31/2017,47.23,890205,45.95,47.47,45.58
8/30/2017,45.96,864388,46.31,46.72,45.84
8/29/2017,46.44,874474,46.86,46.96,45.76
8/28/2017,46.57,900896,47.89,48.2,46.15
8/25/2017,47.87,628089,47.62,47.91,47.39
8/24/2017,47.43,815365,48.36,48.43,47.06
8/23/2017,48.41,692639,47.64,48.5,47.53
8/22/2017,47.64,28373,47.45,48.03,47.2
8/21/2017,47.37,95223,48.72,48.75,47.03
8/18/2017,48.51,233645,46.93,48.74,46.78
8/17/2017,47.09,580789,46.8,47.19,46.46
8/16/2017,46.78,791327,47.72,47.99,46.67
8/15/2017,47.55,737941,47.49,47.9,47.02
8/14/2017,47.59,735193,48.79,49.16,47.43
8/11/2017,48.82,742944,48.52,48.98,47.98
8/10/2017,48.59,1083620,49.68,50.22,48.35
8/9/2017,49.56,804088,49,49.72,48.9
8/8/2017,49.17,866214,49.31,49.79,48.86
8/7/2017,49.39,790569,49.59,49.73,48.54
8/4/2017,49.58,725798,48.95,49.64,48.5
8/3/2017,49.03,815605,49.59,49.96,48.78
8/2/2017,49.59,828986,48.8,49.65,48.55
8/1/2017,49.16,987058,50.21,50.43,48.37
7/31/2017,50.17,761243,49.85,50.41,49.18
7/28/2017,49.71,747308,49.17,49.81,48.86
7/27/2017,49.04,861931,48.7,49.24,48.25
7/26/2017,48.75,867335,48.51,48.87,47.86
7/25/2017,47.89,865147,46.46,48.66,46.38
7/24/2017,46.34,692343,45.62,46.53,45.4
7/21/2017,45.77,743292,46.91,47.21,45.54
7/20/2017,46.79,17229,47.09,47.55,46.66
7/19/2017,47.12,106793,46.25,47.26,46.14
7/18/2017,46.4,193620,45.99,46.92,45.81
7/17/2017,46.02,533791,46.68,46.88,45.89
7/14/2017,46.54,708905,46.08,46.74,45.8
7/13/2017,46.08,708335,45.44,46.28,44.99
7/12/2017,45.49,923303,45.74,46.48,45.11
7/11/2017,45.04,963571,44.58,45.81,43.83
7/10/2017,44.4,801898,44.35,44.84,43.65
7/7/2017,44.23,936323,45.35,45.42,43.78
7/6/2017,45.52,925933,45.65,46.53,45.18
7/5/2017,45.13,1148245,47.07,47.32,44.51
7/3/2017,47.07,20851,47.04,47.13,46.78
6/30/2017,46.04,655989,44.89,46.35,44.88
6/29/2017,44.93,751222,44.89,45.45,44.65
6/28/2017,44.74,737878,43.7,44.9,43.67
6/27/2017,44.24,747191,43.49,44.44,43.32
6/26/2017,43.38,648199,43.16,43.65,42.63
6/23/2017,43.01,676863,42.8,43.2,42.53
6/22/2017,42.74,654564,42.55,43.32,42.26
6/21/2017,42.53,1046277,43.38,44.2,42.05
6/20/2017,43.23,23516,44.11,44.4,42.75
6/19/2017,44.2,93509,44.68,45.06,44.05
6/16/2017,44.74,176793,44.25,44.94,44.24
6/15/2017,44.46,479068,44.69,44.81,44.22
6/14/2017,44.73,896020,45.94,46.49,44.54
6/13/2017,46.46,737614,46.01,46.57,45.56
6/12/2017,46.08,619993,45.8,46.71,45.66
6/9/2017,45.83,676267,45.71,46.18,45.27
6/8/2017,45.64,859491,45.85,46.18,45.2
6/7/2017,45.72,1113291,47.98,48.23,45.65
6/6/2017,48.19,787650,47.4,48.4,46.94
6/5/2017,47.4,690222,47.71,48.42,46.86
6/2/2017,47.66,783770,48.04,48.19,46.74
6/1/2017,48.36,758709,48.63,49.17,47.9
5/31/2017,48.32,751774,49.65,49.71,47.73
5/30/2017,49.66,643537,50.07,50.28,49.03
5/26/2017,49.8,20493,48.75,49.98,49.62
5/25/2017,48.9,1120315,51.25,52,48.45
5/24/2017,51.36,710608,51.44,51.88,51.03
5/23/2017,51.47,569154,51.04,51.79,50.57
5/22/2017,50.73,21476,50.6,51.06,50.44
5/19/2017,50.33,115819,49.28,50.53,49.28
5/18/2017,49.35,224676,48.93,49.6,48.05
5/17/2017,49.07,619299,48.23,49.5,48.03
5/16/2017,48.66,548877,48.82,49.38,48.17
5/15/2017,48.85,649604,47.85,49.66,47.75
5/12/2017,47.84,513893,47.81,48.07,47.35
5/11/2017,47.83,606112,47.39,48.22,47.34
5/10/2017,47.33,758233,46.18,47.78,46.01
5/9/2017,45.88,649940,46.49,46.78,45.53
5/8/2017,46.43,726733,46.35,46.98,45.73
5/5/2017,46.22,987489,45.51,46.68,43.76
5/4/2017,45.52,903716,47.6,47.75,45.29
5/3/2017,47.82,665603,48.12,48.23,47.3
5/2/2017,47.66,682444,48.78,49.28,47.35
5/1/2017,48.84,353111,49.17,49.32,48.59
4/28/2017,49.33,613757,49.27,49.76,48.8
4/27/2017,48.97,750914,49.22,49.43,48.2
4/26/2017,49.62,627389,49.36,50.2,48.94
4/25/2017,49.56,570209,49.22,49.83,48.87
4/24/2017,49.23,500363,49.68,50.22,49.03
4/21/2017,49.62,662805,50.71,50.93,49.2
4/20/2017,50.27,25717,50.63,50.97,50.18
4/19/2017,50.44,107478,52.36,52.65,50.09
4/18/2017,52.41,185790,52.75,52.85,52.1
4/17/2017,52.65,307878,52.97,53.21,52.55
4/13/2017,53.18,435235,52.85,53.39,52.82
4/12/2017,53.11,590127,53.4,53.76,52.71
4/11/2017,53.4,536196,53.13,53.45,52.7
4/10/2017,53.08,515826,52.31,53.18,52.29
4/7/2017,52.24,733724,51.7,52.94,51.49
4/6/2017,51.7,438708,50.8,51.82,50.77
4/5/2017,51.15,629154,51.18,51.88,50.74
4/4/2017,51.03,509572,50.24,51.3,49.88
4/3/2017,50.24,417108,50.69,50.83,50.12
3/31/2017,50.6,504197,50.32,50.85,49.9
3/30/2017,50.35,564650,49.6,50.47,49.27
3/29/2017,49.51,525529,48.47,49.63,48.38
3/28/2017,48.37,485805,47.89,48.74,47.8
3/27/2017,47.73,452983,48.12,48.28,47.08
3/24/2017,47.97,405396,47.67,48.2,47.54
3/23/2017,47.7,488548,48.15,48.48,47.58
3/22/2017,48.04,665385,48.16,48.32,47.01
3/21/2017,47.34,25169,47.93,48.73,47.23
3/20/2017,48.22,103177,48.7,48.74,47.84
3/17/2017,48.78,149701,48.79,49.2,48.6
3/16/2017,48.75,477801,49.01,49.62,48.45
3/15/2017,48.86,623233,48.76,49.04,48.16
3/14/2017,47.72,828086,48.45,48.79,47.09
3/13/2017,48.4,574126,48.45,48.68,47.9
3/10/2017,48.49,751561,49.61,50.11,48.31
3/9/2017,49.28,1022995,50.22,50.84,48.59
3/8/2017,50.28,908490,52.79,52.92,50.05
3/7/2017,53.14,455773,53.17,53.8,52.71
3/6/2017,53.2,485291,53.19,53.56,52.76
3/3/2017,53.33,420100,52.58,53.39,52.55
3/2/2017,52.61,623389,53.69,53.8,52.54
3/1/2017,53.83,478815,53.95,54.44,53.63
2/28/2017,54.01,575380,54.04,54.23,53.18
2/27/2017,54.05,378046,54.02,54.61,53.94
2/24/2017,53.99,380095,54.33,54.51,53.76
2/23/2017,54.45,513189,53.91,54.94,53.87
2/22/2017,53.59,486855,54.26,54.6,53.35
2/21/2017,54.06,37899,53.68,54.68,53.35
2/17/2017,53.4,12092,53.48,53.88,53.35
2/16/2017,53.36,326194,53.01,53.59,52.68
2/15/2017,53.11,434631,53,53.51,52.73
2/14/2017,53.2,459375,52.91,53.72,52.86
2/13/2017,52.93,535412,53.8,53.95,52.77
2/10/2017,53.86,537780,53.15,54.13,52.9
2/9/2017,53,559509,52.37,53.21,52.37
2/8/2017,52.34,710066,51.64,52.67,51.22
2/7/2017,52.17,566506,53.14,53.24,51.63
2/6/2017,53.01,404547,53.81,54.13,52.91
2/3/2017,53.83,440576,53.68,54.22,53.4
2/2/2017,53.54,473225,53.57,54.34,53.35
2/1/2017,53.88,561420,52.76,53.91,52.64
1/31/2017,52.81,569704,52.6,53.56,52.24
1/30/2017,52.63,466988,53.15,53.46,52.41
1/27/2017,53.17,474094,53.74,54.08,52.58
1/26/2017,53.78,556136,52.96,54.06,52.79
1/25/2017,52.75,574860,52.95,53.47,52.56
1/24/2017,53.18,505144,52.86,53.56,52.67
1/23/2017,52.75,438376,53.33,53.47,52.21
1/20/2017,53.22,554592,52.2,53.67,52.13
1/19/2017,51.37,85976,51.39,51.87,51.02
1/18/2017,51.08,222717,52.52,52.79,50.91
1/17/2017,52.48,573392,52.54,53.52,52.12
1/13/2017,52.37,6814,53.05,53.17,52.27
1/12/2017,53.01,630620,52.37,53.5,52.12
1/11/2017,52.25,757129,50.81,52.78,50.75
1/10/2017,50.82,586042,51.83,52.37,50.71
1/9/2017,51.96,514944,53.75,53.83,51.76
1/6/2017,53.99,499458,53.73,54.32,53.32
1/5/2017,53.76,504039,53.39,54.12,52.79
1/4/2017,53.26,496264,52.49,53.43,52.15
1/3/2017,52.33,706737,54.2,55.24,52.11
12/30/2016,53.72,250275,53.87,54.09,53.41
12/29/2016,53.77,346593,53.66,54.21,53.46
12/28/2016,54.06,306726,53.93,54.37,53.56
12/27/2016,53.9,260254,53.29,54.1,53.03
12/23/2016,53.02,264666,52.68,53.28,52.26
12/22/2016,53.02,264666,52.68,53.28,52.26
12/21/2016,52.49,454205,53.56,53.79,52.32
12/20/2016,52.23,17494,52.11,52.7,51.85
12/19/2016,52.12,84930,52.15,52.52,51.51
12/16/2016,51.9,234504,51.1,52.08,50.5
12/15/2016,50.9,515355,50.79,51.48,49.95
12/14/2016,51.04,616753,52.45,52.78,50.67
12/13/2016,52.98,595207,52.51,53.41,52.35
12/12/2016,52.83,807282,52.58,54.51,52.18
12/9/2016,51.5,574507,50.92,51.66,50.86
12/8/2016,50.84,709159,49.88,50.98,49.61
12/7/2016,49.77,755213,50.93,51.2,49.72
12/6/2016,50.93,586632,50.97,51.6,50.28
12/5/2016,51.79,573217,51.46,52.42,50.93
12/2/2016,51.68,639148,51.01,51.73,50.18
12/1/2016,51.06,914809,49.07,51.8,48.98
11/30/2016,49.44,1244772,45.24,49.9,45.22
11/29/2016,45.23,705974,46.88,46.98,44.82
11/28/2016,47.08,714436,45.43,47.65,45.14
11/25/2016,46.06,441983,47.98,48.26,45.88
11/23/2016,47.96,8409,47.97,48.17,47.92
11/22/2016,48.03,797997,48.37,49.2,47.17
11/21/2016,47.49,28143,45.83,47.8,45.77
11/18/2016,45.69,116684,44.93,45.77,44.55
11/17/2016,45.42,268924,45.37,46.58,44.88
11/16/2016,45.57,615224,45.77,46.41,45.03
11/15/2016,45.81,670261,43.76,46.09,43.55
11/14/2016,43.32,675081,43.2,43.81,42.2
11/11/2016,43.41,590615,44.35,44.63,43.03
11/10/2016,44.66,634875,45.31,45.64,44.25
11/9/2016,45.27,890665,44.82,45.95,43.07
11/8/2016,44.98,613723,44.97,45.39,44.41
11/7/2016,44.89,548024,44.45,45.01,44.11
11/4/2016,44.07,710321,44.63,44.87,43.57
11/3/2016,44.66,512739,45.48,45.9,44.37
11/2/2016,45.34,642323,46.32,46.47,44.96
11/1/2016,46.67,802619,46.77,47.35,46.2
10/31/2016,46.86,610868,48.25,48.74,46.63
10/28/2016,48.7,527440,49.61,49.81,48.42
10/27/2016,49.72,528562,49.22,50.06,49
10/26/2016,49.18,661536,49.31,50.1,48.87
10/25/2016,49.96,536335,50.49,50.93,49.27
10/24/2016,50.52,604039,50.85,50.98,49.62
10/21/2016,50.85,531497,50.66,51.02,50.21
10/20/2016,50.43,18336,51.4,51.58,50.25
10/19/2016,51.6,101219,50.77,51.93,50.69
10/18/2016,50.29,179441,50.04,50.78,49.76
10/17/2016,49.94,394236,50.23,50.58,49.47
10/14/2016,50.35,495642,50.58,51.14,49.9
10/13/2016,50.44,691266,50,50.59,49.36
10/12/2016,50.18,497725,50.84,51.17,49.89
10/11/2016,50.79,701929,51.1,51.54,50.39
10/10/2016,51.35,626850,49.57,51.6,49.15
10/7/2016,49.81,561716,50.59,50.74,49.4
10/6/2016,50.44,506392,49.65,50.63,49.33
10/5/2016,49.83,490679,49.26,49.97,49.1
10/4/2016,48.69,492461,48.65,49.26,48.26
10/3/2016,48.81,439065,48.04,49.02,47.78
9/30/2016,48.24,465217,47.76,48.3,47.04
9/29/2016,47.83,672726,47.2,48.32,46.6
9/28/2016,47.05,984193,44.96,47.45,44.35
9/27/2016,44.67,603449,45.62,45.96,44.19
9/26/2016,45.93,501912,44.62,46.2,44.43
9/23/2016,44.48,683716,46.07,46.55,44.22
9/22/2016,46.32,496826,45.62,46.52,45.52
9/21/2016,45.34,567662,44.5,45.65,44.5
9/20/2016,43.44,31004,43.13,44.05,42.55
9/19/2016,43.3,101269,43.18,44.15,43.12
9/16/2016,43.03,216195,43.71,43.75,42.74
9/15/2016,43.91,516262,43.7,44.34,43.26
9/14/2016,43.58,668161,45,45.33,43.42
9/13/2016,44.9,619371,46.06,46.13,44.77
9/12/2016,46.29,710424,45.57,46.51,44.72
9/9/2016,45.88,625130,47.36,47.36,45.56
9/8/2016,47.62,694833,47.32,47.75,45.77
9/7/2016,45.5,532955,44.85,46.17,44.55
9/6/2016,45.5,889359,45.04,46.53,43.84
9/2/2016,44.83,7455,43.55,44.67,43.16
9/1/2016,43.16,570382,44.85,45.08,43
8/31/2016,44.7,519319,46.24,46.41,44.51
8/30/2016,46.35,440633,46.98,47.49,46.21
8/29/2016,46.98,296231,47.22,47.28,46.62
8/26/2016,47.64,542779,47.37,48.46,46.94
8/25/2016,47.33,444968,46.8,47.46,46.42
8/24/2016,46.77,581322,47.59,47.74,46.45
8/23/2016,48.1,605985,47.39,48.32,46.59
8/22/2016,47.05,27456,48.4,48.4,46.75
8/19/2016,48.52,115707,48.33,48.75,47.93
8/18/2016,48.22,213830,46.9,48.38,46.63
8/17/2016,46.79,534354,46.37,46.95,45.84
8/16/2016,46.58,521683,45.59,46.73,45.34
8/15/2016,45.74,484462,44.74,45.93,44.38
8/12/2016,44.49,515627,43.46,44.78,43.31
8/11/2016,43.49,619631,41.48,43.86,41.1
8/10/2016,41.71,610891,42.74,43.39,41.42
8/9/2016,42.77,566577,42.83,43.52,42.47
8/8/2016,43.02,488829,41.99,43.39,41.81
8/5/2016,41.8,501466,41.84,42.1,41.06
8/4/2016,41.93,573900,41.16,42.08,40.43
8/3/2016,40.83,621694,39.7,41.2,39.19
8/2/2016,39.51,510783,40.08,40.91,39.26
8/1/2016,40.06,501753,41.35,41.88,39.82
7/29/2016,41.6,454532,41.12,41.67,40.57
7/28/2016,41.14,427715,41.93,42.22,41.04
7/27/2016,41.92,514388,42.66,43.2,41.68
7/26/2016,42.92,445366,43.07,43.39,42.36
7/25/2016,43.13,371094,44.2,44.37,42.97
7/22/2016,44.19,407262,44.6,44.97,43.74
7/21/2016,44.75,415595,45.65,46.09,44.52
7/20/2016,44.75,526026,45.66,46.13,44.55
7/19/2016,45.75,92047,45.23,45.67,44.53
7/18/2016,44.65,195983,46.12,46.14,44.86
7/15/2016,45.24,400078,45.52,46.33,45.05
7/14/2016,45.95,533167,45.14,45.8,44.95
7/13/2016,45.68,642925,46.58,46.71,44.56
7/12/2016,46.8,620326,44.58,46.93,44.51
7/11/2016,44.76,484196,45.07,45.77,44.42
7/8/2016,45.41,519665,45.19,45.97,44.77
7/7/2016,45.14,660521,47.88,48.25,44.87
7/6/2016,47.43,558093,46.83,47.95,45.92
7/5/2016,46.6,577505,48.73,49.35,46.33
7/1/2016,48.99,14849,49.11,49.23,48.85
6/30/2016,48.33,480388,49.55,49.62,48.17
6/29/2016,49.88,491192,48.06,50,47.98
6/28/2016,47.85,473949,46.59,48.18,46.54
6/27/2016,46.33,483322,47.81,47.96,45.83
6/24/2016,47.64,616198,50.3,50.45,46.7
6/23/2016,50.11,386312,49.08,50.23,49.08
6/22/2016,49.13,554539,50.22,50.54,48.4
6/21/2016,49.85,25479,49.14,49.32,48.16
6/20/2016,49.37,67905,48.29,49.42,48.14
6/17/2016,47.98,201129,45.99,48.29,45.83
6/16/2016,46.21,475039,47.45,47.75,45.91
6/15/2016,48.01,505566,47.9,48.72,47.28
6/14/2016,48.49,433256,48.52,48.69,47.84
6/13/2016,48.88,468202,48.85,49.28,48.16
6/10/2016,49.07,538596,50.47,50.73,48.8
6/9/2016,50.56,509046,51.45,51.67,50.23
6/8/2016,51.23,602296,50.41,51.62,50.32
6/7/2016,50.36,484802,49.71,50.53,49.44
6/6/2016,49.69,427971,48.88,49.9,48.71
6/3/2016,48.62,458338,49.04,49.41,48.33
6/2/2016,49.17,547494,48.9,49.47,47.97
6/1/2016,49.01,549858,48.82,49.25,47.75
5/31/2016,49.1,459075,49.63,50.1,48.81
5/27/2016,49.33,12104,49.54,49.72,49.26
5/26/2016,49.48,471056,49.7,50.21,49.22
5/25/2016,49.56,535289,49.09,49.75,48.65
5/24/2016,48.62,463808,48.08,49.27,47.64
5/23/2016,48.08,460924,48.46,48.5,47.4
5/20/2016,48.41,28176,48.2,48.79,47.44
5/19/2016,48.16,73847,47.87,48.28,46.73
5/18/2016,48.19,325240,48.53,48.95,47.75
5/17/2016,48.31,438244,47.9,48.76,47.53
5/16/2016,47.72,509303,46.28,47.98,46.15
5/13/2016,46.21,494320,46.41,46.49,45.75
5/12/2016,46.7,687622,46,47.02,45.61
5/11/2016,46.23,809248,44.6,46.36,43.96
5/10/2016,44.66,655107,43.25,44.79,43.03
5/9/2016,43.44,703934,45,45.94,43.24
5/6/2016,44.66,641339,44.52,45.34,43.54
5/5/2016,44.32,724062,44.04,46.07,43.96
5/4/2016,43.78,696913,43.85,44.88,43.22
5/3/2016,43.65,605308,44.92,45.35,43.32
5/2/2016,44.78,446258,45.59,46.15,44.54
4/29/2016,45.92,572652,45.9,46.78,45.24
4/28/2016,46.03,468213,45.3,46.14,44.94
4/27/2016,45.33,627860,44.64,45.62,43.77
4/26/2016,44.04,548680,42.96,44.83,42.5
4/25/2016,42.64,592818,43.75,44.04,42.58
4/22/2016,43.73,554827,43.42,44.45,43.11
4/21/2016,43.18,649439,43.97,44.49,43.05
4/20/2016,44.18,25807,40.8,42.91,39.85
4/19/2016,41.08,75011,40.04,41.53,39.58
4/18/2016,39.78,328976,38.75,40.24,37.61
4/15/2016,40.36,493374,41.43,41.73,39.98
4/14/2016,41.5,458627,41.54,42.16,40.84
4/13/2016,41.76,690463,41.63,42.42,41.24
4/12/2016,42.17,754342,40.35,42.25,40.09
4/11/2016,40.36,617641,39.72,40.75,39.25
4/8/2016,39.72,735702,37.52,39.84,37.45
4/7/2016,37.26,553265,37.76,38.3,36.69
4/6/2016,37.75,695021,36.52,37.9,36.43
4/5/2016,35.89,461729,35.5,36.58,35.24
4/4/2016,35.7,520034,35.5,37.21,35.46
4/1/2016,36.79,507181,38.14,38.56,36.63
3/31/2016,38.34,513944,38.3,39.04,37.57
3/30/2016,38.32,524893,38.52,39.85,38.14
3/29/2016,38.28,467764,39.32,39.48,37.91
3/28/2016,39.39,285415,39.55,40.14,38.86
3/24/2016,39.46,477115,39.73,39.77,38.33
3/23/2016,39.79,474855,41.19,41.34,39.67
3/22/2016,41.45,449018,41.59,41.9,40.77
3/21/2016,41.52,23300,39.06,40.3,38.61
3/18/2016,39.44,91040,40.25,41.2,39.15
3/17/2016,40.2,285278,38.59,40.36,38.47
3/16/2016,40.2,471012,36.74,38.63,36.61
3/15/2016,36.34,422742,37.37,37.4,35.96
3/14/2016,37.18,468704,38.17,38.77,36.68
3/11/2016,38.5,538116,37.99,39.02,37.92
3/10/2016,37.84,644343,38.17,38.48,37.21
3/9/2016,38.29,674613,36.36,38.51,36.24
3/8/2016,36.5,639232,37.94,38.39,36.12
3/7/2016,37.9,638168,36.2,38.11,36.09
3/4/2016,35.92,546080,34.66,36.34,34.4
3/3/2016,34.57,494598,34.73,35.32,34.19
3/2/2016,34.66,583687,34.75,35.17,33.55
3/1/2016,34.4,546976,33.9,34.76,33.37
2/29/2016,33.75,484662,32.72,33.98,32.32
2/26/2016,32.78,599392,33.04,34.69,32.64
2/25/2016,33.07,585248,32.19,33.49,31.07
2/24/2016,32.15,632515,31.28,32.4,30.56
2/23/2016,31.87,509480,33.34,33.53,31.22
2/22/2016,31.48,21222,29.72,32.05,29.48
2/19/2016,29.64,69629,30.6,30.73,29.05
2/18/2016,30.77,211849,31.35,31.98,30.27
2/17/2016,30.66,479466,29.14,31.49,28.73
2/16/2016,29.04,618357,30.05,31.53,28.7
2/12/2016,29.44,12260,29.08,29.29,28.95
2/11/2016,26.21,719004,27.34,27.48,26.05
2/10/2016,27.45,695503,28.36,29.22,27.24
2/9/2016,27.94,651046,30.17,30.61,27.74
2/8/2016,29.69,515650,30.97,31.38,29.57
2/5/2016,30.89,562374,31.64,32.45,30.63
2/4/2016,31.72,668236,31.67,33.6,31.53
2/3/2016,32.28,770723,29.75,32.75,29.4
2/2/2016,29.88,572321,29.75,31.53,29.57
2/1/2016,31.62,561723,33.83,34.18,31.29
1/29/2016,33.62,585377,33.7,34.4,32.65
1/28/2016,33.22,805266,32.19,34.82,31.74
1/27/2016,32.3,716600,30.55,32.84,30.14
1/26/2016,31.45,614963,29.81,32.41,29.25
1/25/2016,30.34,564774,32.05,32.74,29.68
1/22/2016,32.19,604937,29.84,32.35,29.53
1/21/2016,29.53,658451,28.35,30.25,27.87
1/20/2016,26.55,690039,28.33,28.58,26.19
1/19/2016,28.46,151360,29.07,30.21,28.21
1/15/2016,29.42,14769,29.2,29.31,28.36
1/14/2016,31.2,497634,30.6,31.77,30.28
1/13/2016,30.48,594517,30.54,31.71,30.1
1/12/2016,30.44,587310,31.11,32.21,29.93
1/11/2016,31.41,581462,32.94,33.2,30.88
1/8/2016,33.16,537943,33.3,34.34,32.64
1/7/2016,33.27,573186,34.09,34.26,32.1
1/6/2016,33.97,510537,36.18,36.39,33.77
1/5/2016,35.97,395681,36.9,37.1,35.74
1/4/2016,36.76,415291,37.6,38.39,36.33
12/31/2015,37.04,260638,36.81,37.79,36.22
12/30/2015,36.6,245395,37.36,37.4,36.4
12/29/2015,37.87,219955,36.7,37.94,36.66
12/28/2015,36.81,202637,36.63,38.09,36.6
12/24/2015,38.1,185540,37.86,38.28,37.38
12/23/2015,37.5,354944,37.86,37.95,36.28
12/22/2015,36.14,286876,36.42,36.54,35.66
12/21/2015,34.74,19661,34.58,34.86,33.98
12/18/2015,34.73,78359,34.87,35.57,34.29
12/17/2015,34.95,179068,35.8,35.84,34.63
12/16/2015,35.52,380339,36.79,37.35,35.29
12/15/2015,37.35,446806,36.32,37.88,36.03
12/14/2015,36.31,518414,35.4,36.7,34.53
12/11/2015,35.62,464439,36.63,36.84,35.16
12/10/2015,36.76,447667,37.27,37.54,36.38
12/9/2015,37.16,584363,37.86,38.99,36.87
12/8/2015,37.51,690547,37.68,38.58,36.64
12/7/2015,37.65,570560,40.1,40.15,37.5
12/4/2015,39.97,485154,41.31,42,39.6
12/3/2015,41.08,469476,40.15,41.78,40.07
12/2/2015,39.94,521728,41.69,41.97,39.84
12/1/2015,41.85,392750,41.73,42.23,41.17
11/30/2015,41.65,350195,41.77,42.61,41.5
11/27/2015,41.71,297087,42.55,43.3,41.67
11/25/2015,43.04,9037,43.25,43.3,42.99
11/24/2015,42.87,409904,42.04,43.46,41.86
11/23/2015,41.75,505592,42.08,42.75,40.41
11/20/2015,40.39,27009,40.54,40.99,38.99
11/19/2015,40.54,75899,40.72,41.05,39.89
11/18/2015,40.75,230145,41.11,41.55,39.91
11/17/2015,40.67,328185,41.09,42.03,40.58
11/16/2015,41.74,504065,40.92,42.25,40.06
11/13/2015,40.74,443937,41.61,42.21,40.22
11/12/2015,41.75,501174,43.05,43.33,41.54
11/11/2015,42.93,452568,43.63,44.11,42.62
11/10/2015,44.21,390592,43.65,44.76,43.57
11/9/2015,43.87,436315,44.52,45.12,43.64
